{"id1":"aaravs2@illinois.edu_1_01_mps","id2":"vdas3@illinois.edu_1_01_mps","similarity":0.6762295081967213,"matches":[{"file1":"aaravs2@illinois.edu_1_01_mps\\mp_stickers_1_3_90643347_Image.cpp","file2":"vdas3@illinois.edu_1_01_mps\\mp_stickers_1_7_90645815_Image.cpp","start1":5,"end1":105,"start2":3,"end2":119,"tokens":231},{"file1":"aaravs2@illinois.edu_1_01_mps\\mp_stickers_1_3_90643347_Image.h","file2":"vdas3@illinois.edu_1_01_mps\\mp_stickers_1_7_90645815_Image.h","start1":9,"end1":27,"start2":4,"end2":21,"tokens":30},{"file1":"aaravs2@illinois.edu_1_01_mps\\mp_stickers_1_3_90643347_StickerSheet.h","file2":"vdas3@illinois.edu_1_01_mps\\mp_stickers_1_7_90645815_StickerSheet.h","start1":8,"end1":20,"start2":15,"end2":28,"tokens":28},{"file1":"aaravs2@illinois.edu_1_01_mps\\mp_stickers_1_3_90643347_Image.cpp","file2":"vdas3@illinois.edu_1_01_mps\\mp_stickers_1_7_90645815_Image.cpp","start1":118,"end1":128,"start2":133,"end2":145,"tokens":27},{"file1":"aaravs2@illinois.edu_1_01_mps\\mp_stickers_1_3_90643347_Image.cpp","file2":"vdas3@illinois.edu_1_01_mps\\mp_stickers_1_7_90645815_StickerSheet.cpp","start1":133,"end1":136,"start2":108,"end2":111,"tokens":14}]}