{"id1":"aaravs2@illinois.edu_1_01_mps","id2":"shuaih4@illinois.edu_1_01_mps","similarity":0.6734486266531028,"matches":[{"file1":"aaravs2@illinois.edu_1_01_mps\\mp_stickers_1_3_90643347_Image.cpp","file2":"shuaih4@illinois.edu_1_01_mps\\mp_stickers_1_5_90506470_Image.cpp","start1":5,"end1":105,"start2":9,"end2":125,"tokens":231},{"file1":"aaravs2@illinois.edu_1_01_mps\\mp_stickers_1_3_90643347_Image.h","file2":"shuaih4@illinois.edu_1_01_mps\\mp_stickers_1_5_90506470_Image.h","start1":9,"end1":27,"start2":12,"end2":37,"tokens":30},{"file1":"aaravs2@illinois.edu_1_01_mps\\mp_stickers_1_3_90643347_Image.cpp","file2":"shuaih4@illinois.edu_1_01_mps\\mp_stickers_1_5_90506470_Image.cpp","start1":118,"end1":129,"start2":137,"end2":150,"tokens":29},{"file1":"aaravs2@illinois.edu_1_01_mps\\mp_stickers_1_3_90643347_StickerSheet.h","file2":"shuaih4@illinois.edu_1_01_mps\\mp_stickers_1_5_90506470_StickerSheet.h","start1":8,"end1":20,"start2":13,"end2":26,"tokens":28},{"file1":"aaravs2@illinois.edu_1_01_mps\\mp_stickers_1_3_90643347_Image.cpp","file2":"shuaih4@illinois.edu_1_01_mps\\mp_stickers_1_5_90506470_StickerSheet.cpp","start1":133,"end1":135,"start2":141,"end2":143,"tokens":13}]}