{"id1":"aaravs2@illinois.edu_1_01_mps","id2":"iaa6@illinois.edu_1_01_mps","similarity":0.698961937716263,"matches":[{"file1":"aaravs2@illinois.edu_1_01_mps\\mp_stickers_1_3_90643347_Image.cpp","file2":"iaa6@illinois.edu_1_01_mps\\mp_stickers_1_9_90732942_Image.cpp","start1":5,"end1":170,"start2":7,"end2":177,"tokens":347},{"file1":"aaravs2@illinois.edu_1_01_mps\\mp_stickers_1_3_90643347_Image.h","file2":"iaa6@illinois.edu_1_01_mps\\mp_stickers_1_9_90732942_Image.h","start1":9,"end1":27,"start2":12,"end2":30,"tokens":30},{"file1":"aaravs2@illinois.edu_1_01_mps\\mp_stickers_1_3_90643347_StickerSheet.h","file2":"iaa6@illinois.edu_1_01_mps\\mp_stickers_1_9_90732942_StickerSheet.h","start1":9,"end1":30,"start2":23,"end2":36,"tokens":27}]}