{"id1":"abunas2@illinois.edu_1_01_mps","id2":"kv19@illinois.edu_1_01_mps","similarity":0.6597938144329897,"matches":[{"file1":"abunas2@illinois.edu_1_01_mps\\mp_stickers_1_4_90439973_Image.cpp","file2":"kv19@illinois.edu_1_01_mps\\mp_stickers_1_5_90454970_Image.cpp","start1":133,"end1":155,"start2":166,"end2":192,"tokens":42},{"file1":"abunas2@illinois.edu_1_01_mps\\mp_stickers_1_4_90439973_Image.h","file2":"kv19@illinois.edu_1_01_mps\\mp_stickers_1_5_90454970_Image.h","start1":10,"end1":26,"start2":14,"end2":33,"tokens":28},{"file1":"abunas2@illinois.edu_1_01_mps\\mp_stickers_1_4_90439973_Image.cpp","file2":"kv19@illinois.edu_1_01_mps\\mp_stickers_1_5_90454970_Image.cpp","start1":9,"end1":21,"start2":13,"end2":31,"tokens":27},{"file1":"abunas2@illinois.edu_1_01_mps\\mp_stickers_1_4_90439973_StickerSheet.h","file2":"kv19@illinois.edu_1_01_mps\\mp_stickers_1_5_90454970_StickerSheet.h","start1":12,"end1":24,"start2":15,"end2":30,"tokens":27},{"file1":"abunas2@illinois.edu_1_01_mps\\mp_stickers_1_4_90439973_Image.cpp","file2":"kv19@illinois.edu_1_01_mps\\mp_stickers_1_5_90454970_Image.cpp","start1":22,"end1":36,"start2":33,"end2":50,"tokens":26},{"file1":"abunas2@illinois.edu_1_01_mps\\mp_stickers_1_4_90439973_Image.cpp","file2":"kv19@illinois.edu_1_01_mps\\mp_stickers_1_5_90454970_Image.cpp","start1":54,"end1":70,"start2":71,"end2":88,"tokens":26},{"file1":"abunas2@illinois.edu_1_01_mps\\mp_stickers_1_4_90439973_Image.cpp","file2":"kv19@illinois.edu_1_01_mps\\mp_stickers_1_5_90454970_Image.cpp","start1":86,"end1":101,"start2":109,"end2":126,"tokens":26},{"file1":"abunas2@illinois.edu_1_01_mps\\mp_stickers_1_4_90439973_Image.cpp","file2":"kv19@illinois.edu_1_01_mps\\mp_stickers_1_5_90454970_Image.cpp","start1":118,"end1":132,"start2":147,"end2":164,"tokens":26},{"file1":"abunas2@illinois.edu_1_01_mps\\mp_stickers_1_4_90439973_Image.cpp","file2":"kv19@illinois.edu_1_01_mps\\mp_stickers_1_5_90454970_Image.cpp","start1":37,"end1":53,"start2":52,"end2":69,"tokens":25},{"file1":"abunas2@illinois.edu_1_01_mps\\mp_stickers_1_4_90439973_Image.cpp","file2":"kv19@illinois.edu_1_01_mps\\mp_stickers_1_5_90454970_Image.cpp","start1":71,"end1":85,"start2":90,"end2":107,"tokens":25},{"file1":"abunas2@illinois.edu_1_01_mps\\mp_stickers_1_4_90439973_Image.cpp","file2":"kv19@illinois.edu_1_01_mps\\mp_stickers_1_5_90454970_Image.cpp","start1":102,"end1":117,"start2":128,"end2":145,"tokens":25},{"file1":"abunas2@illinois.edu_1_01_mps\\mp_stickers_1_4_90439973_StickerSheet.cpp","file2":"kv19@illinois.edu_1_01_mps\\mp_stickers_1_5_90454970_StickerSheet.cpp","start1":143,"end1":157,"start2":158,"end2":173,"tokens":23},{"file1":"abunas2@illinois.edu_1_01_mps\\mp_stickers_1_4_90439973_StickerSheet.cpp","file2":"kv19@illinois.edu_1_01_mps\\mp_stickers_1_5_90454970_StickerSheet.cpp","start1":98,"end1":111,"start2":111,"end2":128,"tokens":21},{"file1":"abunas2@illinois.edu_1_01_mps\\mp_stickers_1_4_90439973_StickerSheet.cpp","file2":"kv19@illinois.edu_1_01_mps\\mp_stickers_1_5_90454970_StickerSheet.cpp","start1":116,"end1":131,"start2":129,"end2":147,"tokens":21},{"file1":"abunas2@illinois.edu_1_01_mps\\mp_stickers_1_4_90439973_StickerSheet.cpp","file2":"kv19@illinois.edu_1_01_mps\\mp_stickers_1_5_90454970_StickerSheet.cpp","start1":188,"end1":194,"start2":216,"end2":225,"tokens":19},{"file1":"abunas2@illinois.edu_1_01_mps\\mp_stickers_1_4_90439973_Image.cpp","file2":"kv19@illinois.edu_1_01_mps\\mp_stickers_1_5_90454970_Image.cpp","start1":163,"end1":176,"start2":206,"end2":217,"tokens":19},{"file1":"abunas2@illinois.edu_1_01_mps\\mp_stickers_1_4_90439973_Image.cpp","file2":"kv19@illinois.edu_1_01_mps\\mp_stickers_1_5_90454970_Image.cpp","start1":189,"end1":198,"start2":235,"end2":243,"tokens":16},{"file1":"abunas2@illinois.edu_1_01_mps\\mp_stickers_1_4_90439973_Image.cpp","file2":"kv19@illinois.edu_1_01_mps\\mp_stickers_1_5_90454970_Image.cpp","start1":178,"end1":189,"start2":223,"end2":233,"tokens":14},{"file1":"abunas2@illinois.edu_1_01_mps\\mp_stickers_1_4_90439973_StickerSheet.cpp","file2":"kv19@illinois.edu_1_01_mps\\mp_stickers_1_5_90454970_StickerSheet.cpp","start1":179,"end1":183,"start2":206,"end2":212,"tokens":12}]}