{"id1":"achen76@illinois.edu_1_01_mps","id2":"bmoor8@illinois.edu_1_01_mps","similarity":0.9349206349206349,"matches":[{"file1":"achen76@illinois.edu_1_01_mps\\mp_stickers_1_1_90484389_Image.cpp","file2":"bmoor8@illinois.edu_1_01_mps\\mp_stickers_1_3_90345875_Image.cpp","start1":7,"end1":141,"start2":7,"end2":141,"tokens":241},{"file1":"achen76@illinois.edu_1_01_mps\\mp_stickers_1_1_90484389_StickerSheet.cpp","file2":"bmoor8@illinois.edu_1_01_mps\\mp_stickers_1_3_90345875_StickerSheet.cpp","start1":99,"end1":230,"start2":139,"end2":272,"tokens":160},{"file1":"achen76@illinois.edu_1_01_mps\\mp_stickers_1_1_90484389_StickerSheet.cpp","file2":"bmoor8@illinois.edu_1_01_mps\\mp_stickers_1_3_90345875_StickerSheet.cpp","start1":9,"end1":98,"start2":9,"end2":97,"tokens":124},{"file1":"achen76@illinois.edu_1_01_mps\\mp_stickers_1_1_90484389_Image.h","file2":"bmoor8@illinois.edu_1_01_mps\\mp_stickers_1_3_90345875_Image.h","start1":10,"end1":25,"start2":12,"end2":27,"tokens":26},{"file1":"achen76@illinois.edu_1_01_mps\\mp_stickers_1_1_90484389_StickerSheet.h","file2":"bmoor8@illinois.edu_1_01_mps\\mp_stickers_1_3_90345875_StickerSheet.h","start1":21,"end1":43,"start2":25,"end2":46,"tokens":23},{"file1":"achen76@illinois.edu_1_01_mps\\mp_stickers_1_1_90484389_StickerSheet.h","file2":"bmoor8@illinois.edu_1_01_mps\\mp_stickers_1_3_90345875_StickerSheet.h","start1":12,"end1":20,"start2":13,"end2":21,"tokens":15}]}