{"id1":"adnanmc2@illinois.edu_1_01_mps","id2":"jaejin2@illinois.edu_1_01_mps","similarity":0.6715927750410509,"matches":[{"file1":"adnanmc2@illinois.edu_1_01_mps\\mp_stickers_1_4_90669647_StickerSheet.cpp","file2":"jaejin2@illinois.edu_1_01_mps\\mp_stickers_1_6_90331571_StickerSheet.cpp","start1":126,"end1":162,"start2":103,"end2":131,"tokens":40},{"file1":"adnanmc2@illinois.edu_1_01_mps\\mp_stickers_1_4_90669647_Image.h","file2":"jaejin2@illinois.edu_1_01_mps\\mp_stickers_1_6_90331571_Image.h","start1":10,"end1":28,"start2":10,"end2":27,"tokens":30},{"file1":"adnanmc2@illinois.edu_1_01_mps\\mp_stickers_1_4_90669647_Image.cpp","file2":"jaejin2@illinois.edu_1_01_mps\\mp_stickers_1_6_90331571_Image.cpp","start1":9,"end1":17,"start2":3,"end2":18,"tokens":27},{"file1":"adnanmc2@illinois.edu_1_01_mps\\mp_stickers_1_4_90669647_Image.cpp","file2":"jaejin2@illinois.edu_1_01_mps\\mp_stickers_1_6_90331571_Image.cpp","start1":36,"end1":45,"start2":19,"end2":31,"tokens":27},{"file1":"adnanmc2@illinois.edu_1_01_mps\\mp_stickers_1_4_90669647_Image.cpp","file2":"jaejin2@illinois.edu_1_01_mps\\mp_stickers_1_6_90331571_Image.cpp","start1":54,"end1":63,"start2":45,"end2":57,"tokens":27},{"file1":"adnanmc2@illinois.edu_1_01_mps\\mp_stickers_1_4_90669647_Image.cpp","file2":"jaejin2@illinois.edu_1_01_mps\\mp_stickers_1_6_90331571_Image.cpp","start1":72,"end1":81,"start2":92,"end2":105,"tokens":27},{"file1":"adnanmc2@illinois.edu_1_01_mps\\mp_stickers_1_4_90669647_Image.cpp","file2":"jaejin2@illinois.edu_1_01_mps\\mp_stickers_1_6_90331571_Image.cpp","start1":134,"end1":144,"start2":157,"end2":166,"tokens":25},{"file1":"adnanmc2@illinois.edu_1_01_mps\\mp_stickers_1_4_90669647_StickerSheet.cpp","file2":"jaejin2@illinois.edu_1_01_mps\\mp_stickers_1_6_90331571_StickerSheet.cpp","start1":47,"end1":70,"start2":27,"end2":49,"tokens":24},{"file1":"adnanmc2@illinois.edu_1_01_mps\\mp_stickers_1_4_90669647_Image.cpp","file2":"jaejin2@illinois.edu_1_01_mps\\mp_stickers_1_6_90331571_Image.cpp","start1":18,"end1":26,"start2":136,"end2":145,"tokens":23},{"file1":"adnanmc2@illinois.edu_1_01_mps\\mp_stickers_1_4_90669647_Image.cpp","file2":"jaejin2@illinois.edu_1_01_mps\\mp_stickers_1_6_90331571_Image.cpp","start1":102,"end1":111,"start2":32,"end2":40,"tokens":21},{"file1":"adnanmc2@illinois.edu_1_01_mps\\mp_stickers_1_4_90669647_Image.cpp","file2":"jaejin2@illinois.edu_1_01_mps\\mp_stickers_1_6_90331571_Image.cpp","start1":90,"end1":97,"start2":109,"end2":115,"tokens":19},{"file1":"adnanmc2@illinois.edu_1_01_mps\\mp_stickers_1_4_90669647_StickerSheet.cpp","file2":"jaejin2@illinois.edu_1_01_mps\\mp_stickers_1_6_90331571_StickerSheet.cpp","start1":30,"end1":43,"start2":15,"end2":25,"tokens":19},{"file1":"adnanmc2@illinois.edu_1_01_mps\\mp_stickers_1_4_90669647_Image.cpp","file2":"jaejin2@illinois.edu_1_01_mps\\mp_stickers_1_6_90331571_Image.cpp","start1":27,"end1":35,"start2":61,"end2":67,"tokens":18},{"file1":"adnanmc2@illinois.edu_1_01_mps\\mp_stickers_1_4_90669647_Image.cpp","file2":"jaejin2@illinois.edu_1_01_mps\\mp_stickers_1_6_90331571_Image.cpp","start1":46,"end1":53,"start2":69,"end2":75,"tokens":18},{"file1":"adnanmc2@illinois.edu_1_01_mps\\mp_stickers_1_4_90669647_Image.cpp","file2":"jaejin2@illinois.edu_1_01_mps\\mp_stickers_1_6_90331571_Image.cpp","start1":64,"end1":71,"start2":82,"end2":88,"tokens":18},{"file1":"adnanmc2@illinois.edu_1_01_mps\\mp_stickers_1_4_90669647_Image.cpp","file2":"jaejin2@illinois.edu_1_01_mps\\mp_stickers_1_6_90331571_Image.cpp","start1":82,"end1":89,"start2":123,"end2":129,"tokens":18},{"file1":"adnanmc2@illinois.edu_1_01_mps\\mp_stickers_1_4_90669647_StickerSheet.cpp","file2":"jaejin2@illinois.edu_1_01_mps\\mp_stickers_1_6_90331571_StickerSheet.cpp","start1":85,"end1":91,"start2":79,"end2":83,"tokens":14},{"file1":"adnanmc2@illinois.edu_1_01_mps\\mp_stickers_1_4_90669647_StickerSheet.cpp","file2":"jaejin2@illinois.edu_1_01_mps\\mp_stickers_1_6_90331571_StickerSheet.cpp","start1":116,"end1":123,"start2":93,"end2":98,"tokens":14}]}