{"id1":"ahpark2@illinois.edu_1_01_mps","id2":"fywang@illinois.edu_1_01_mps","similarity":0.6677713338856669,"matches":[{"file1":"ahpark2@illinois.edu_1_01_mps\\mp_stickers_1_6_90406423_Image.cpp","file2":"fywang@illinois.edu_1_01_mps\\mp_stickers_1_3_90150049_Image.cpp","start1":10,"end1":134,"start2":5,"end2":142,"tokens":266},{"file1":"ahpark2@illinois.edu_1_01_mps\\mp_stickers_1_6_90406423_Image.h","file2":"fywang@illinois.edu_1_01_mps\\mp_stickers_1_3_90150049_Image.h","start1":12,"end1":28,"start2":13,"end2":29,"tokens":29},{"file1":"ahpark2@illinois.edu_1_01_mps\\mp_stickers_1_6_90406423_StickerSheet.cpp","file2":"fywang@illinois.edu_1_01_mps\\mp_stickers_1_3_90150049_StickerSheet.cpp","start1":77,"end1":94,"start2":131,"end2":151,"tokens":27},{"file1":"ahpark2@illinois.edu_1_01_mps\\mp_stickers_1_6_90406423_StickerSheet.h","file2":"fywang@illinois.edu_1_01_mps\\mp_stickers_1_3_90150049_StickerSheet.h","start1":15,"end1":28,"start2":17,"end2":28,"tokens":22},{"file1":"ahpark2@illinois.edu_1_01_mps\\mp_stickers_1_6_90406423_Image.cpp","file2":"fywang@illinois.edu_1_01_mps\\mp_stickers_1_3_90150049_Image.cpp","start1":152,"end1":162,"start2":173,"end2":183,"tokens":18},{"file1":"ahpark2@illinois.edu_1_01_mps\\mp_stickers_1_6_90406423_Image.cpp","file2":"fywang@illinois.edu_1_01_mps\\mp_stickers_1_3_90150049_StickerSheet.cpp","start1":142,"end1":147,"start2":170,"end2":175,"tokens":15},{"file1":"ahpark2@illinois.edu_1_01_mps\\mp_stickers_1_6_90406423_StickerSheet.cpp","file2":"fywang@illinois.edu_1_01_mps\\mp_stickers_1_3_90150049_StickerSheet.cpp","start1":43,"end1":53,"start2":87,"end2":96,"tokens":13},{"file1":"ahpark2@illinois.edu_1_01_mps\\mp_stickers_1_6_90406423_Image.cpp","file2":"fywang@illinois.edu_1_01_mps\\mp_stickers_1_3_90150049_Image.cpp","start1":136,"end1":138,"start2":143,"end2":145,"tokens":13}]}