{"id1":"akhali39@illinois.edu_1_01_mps","id2":"hrazz2@illinois.edu_1_01_mps","similarity":0.6656025538707103,"matches":[{"file1":"akhali39@illinois.edu_1_01_mps\\mp_stickers_1_5_90496094_Image.cpp","file2":"hrazz2@illinois.edu_1_01_mps\\mp_stickers_1_8_90496088_Image.cpp","start1":121,"end1":156,"start2":119,"end2":159,"tokens":68},{"file1":"akhali39@illinois.edu_1_01_mps\\mp_stickers_1_5_90496094_Image.h","file2":"hrazz2@illinois.edu_1_01_mps\\mp_stickers_1_8_90496088_Image.h","start1":11,"end1":37,"start2":12,"end2":29,"tokens":34},{"file1":"akhali39@illinois.edu_1_01_mps\\mp_stickers_1_5_90496094_Image.cpp","file2":"hrazz2@illinois.edu_1_01_mps\\mp_stickers_1_8_90496088_Image.cpp","start1":14,"end1":41,"start2":14,"end2":24,"tokens":22},{"file1":"akhali39@illinois.edu_1_01_mps\\mp_stickers_1_5_90496094_Image.cpp","file2":"hrazz2@illinois.edu_1_01_mps\\mp_stickers_1_8_90496088_Image.cpp","start1":56,"end1":67,"start2":44,"end2":54,"tokens":22},{"file1":"akhali39@illinois.edu_1_01_mps\\mp_stickers_1_5_90496094_Image.cpp","file2":"hrazz2@illinois.edu_1_01_mps\\mp_stickers_1_8_90496088_Image.cpp","start1":83,"end1":93,"start2":74,"end2":84,"tokens":22},{"file1":"akhali39@illinois.edu_1_01_mps\\mp_stickers_1_5_90496094_Image.cpp","file2":"hrazz2@illinois.edu_1_01_mps\\mp_stickers_1_8_90496088_Image.cpp","start1":109,"end1":118,"start2":104,"end2":114,"tokens":22},{"file1":"akhali39@illinois.edu_1_01_mps\\mp_stickers_1_5_90496094_Image.cpp","file2":"hrazz2@illinois.edu_1_01_mps\\mp_stickers_1_8_90496088_Image.cpp","start1":173,"end1":192,"start2":180,"end2":195,"tokens":22},{"file1":"akhali39@illinois.edu_1_01_mps\\mp_stickers_1_5_90496094_Image.cpp","file2":"hrazz2@illinois.edu_1_01_mps\\mp_stickers_1_8_90496088_Image.cpp","start1":44,"end1":53,"start2":29,"end2":39,"tokens":21},{"file1":"akhali39@illinois.edu_1_01_mps\\mp_stickers_1_5_90496094_Image.cpp","file2":"hrazz2@illinois.edu_1_01_mps\\mp_stickers_1_8_90496088_Image.cpp","start1":70,"end1":80,"start2":59,"end2":69,"tokens":21},{"file1":"akhali39@illinois.edu_1_01_mps\\mp_stickers_1_5_90496094_Image.cpp","file2":"hrazz2@illinois.edu_1_01_mps\\mp_stickers_1_8_90496088_Image.cpp","start1":96,"end1":106,"start2":89,"end2":99,"tokens":21},{"file1":"akhali39@illinois.edu_1_01_mps\\mp_stickers_1_5_90496094_StickerSheet.cpp","file2":"hrazz2@illinois.edu_1_01_mps\\mp_stickers_1_8_90496088_StickerSheet.cpp","start1":132,"end1":154,"start2":139,"end2":152,"tokens":20},{"file1":"akhali39@illinois.edu_1_01_mps\\mp_stickers_1_5_90496094_StickerSheet.cpp","file2":"hrazz2@illinois.edu_1_01_mps\\mp_stickers_1_8_90496088_StickerSheet.cpp","start1":78,"end1":86,"start2":30,"end2":37,"tokens":18},{"file1":"akhali39@illinois.edu_1_01_mps\\mp_stickers_1_5_90496094_StickerSheet.cpp","file2":"hrazz2@illinois.edu_1_01_mps\\mp_stickers_1_8_90496088_StickerSheet.cpp","start1":112,"end1":121,"start2":120,"end2":130,"tokens":17},{"file1":"akhali39@illinois.edu_1_01_mps\\mp_stickers_1_5_90496094_StickerSheet.cpp","file2":"hrazz2@illinois.edu_1_01_mps\\mp_stickers_1_8_90496088_StickerSheet.cpp","start1":170,"end1":217,"start2":100,"end2":112,"tokens":16},{"file1":"akhali39@illinois.edu_1_01_mps\\mp_stickers_1_5_90496094_StickerSheet.cpp","file2":"hrazz2@illinois.edu_1_01_mps\\mp_stickers_1_8_90496088_StickerSheet.cpp","start1":121,"end1":127,"start2":130,"end2":136,"tokens":15},{"file1":"akhali39@illinois.edu_1_01_mps\\mp_stickers_1_5_90496094_Image.cpp","file2":"hrazz2@illinois.edu_1_01_mps\\mp_stickers_1_8_90496088_Image.cpp","start1":7,"end1":11,"start2":6,"end2":9,"tokens":15},{"file1":"akhali39@illinois.edu_1_01_mps\\mp_stickers_1_5_90496094_Image.cpp","file2":"hrazz2@illinois.edu_1_01_mps\\mp_stickers_1_8_90496088_Image.cpp","start1":167,"end1":171,"start2":175,"end2":178,"tokens":15},{"file1":"akhali39@illinois.edu_1_01_mps\\mp_stickers_1_5_90496094_StickerSheet.cpp","file2":"hrazz2@illinois.edu_1_01_mps\\mp_stickers_1_8_90496088_StickerSheet.cpp","start1":33,"end1":62,"start2":53,"end2":74,"tokens":14},{"file1":"akhali39@illinois.edu_1_01_mps\\mp_stickers_1_5_90496094_StickerSheet.cpp","file2":"hrazz2@illinois.edu_1_01_mps\\mp_stickers_1_8_90496088_StickerSheet.cpp","start1":156,"end1":169,"start2":156,"end2":167,"tokens":12}]}