{"id1":"akhali39@illinois.edu_1_01_mps","id2":"kcruz28@illinois.edu_1_01_mps","similarity":0.6535947712418301,"matches":[{"file1":"akhali39@illinois.edu_1_01_mps\\mp_stickers_1_5_90496094_Image.cpp","file2":"kcruz28@illinois.edu_1_01_mps\\mp_stickers_1_9_90496816_Image.cpp","start1":7,"end1":56,"start2":4,"end2":39,"tokens":72},{"file1":"akhali39@illinois.edu_1_01_mps\\mp_stickers_1_5_90496094_Image.cpp","file2":"kcruz28@illinois.edu_1_01_mps\\mp_stickers_1_9_90496816_Image.cpp","start1":59,"end1":83,"start2":40,"end2":63,"tokens":49},{"file1":"akhali39@illinois.edu_1_01_mps\\mp_stickers_1_5_90496094_Image.cpp","file2":"kcruz28@illinois.edu_1_01_mps\\mp_stickers_1_9_90496816_Image.cpp","start1":121,"end1":140,"start2":95,"end2":114,"tokens":41},{"file1":"akhali39@illinois.edu_1_01_mps\\mp_stickers_1_5_90496094_Image.cpp","file2":"kcruz28@illinois.edu_1_01_mps\\mp_stickers_1_9_90496816_Image.cpp","start1":98,"end1":115,"start2":128,"end2":150,"tokens":33},{"file1":"akhali39@illinois.edu_1_01_mps\\mp_stickers_1_5_90496094_Image.h","file2":"kcruz28@illinois.edu_1_01_mps\\mp_stickers_1_9_90496816_Image.h","start1":11,"end1":28,"start2":9,"end2":25,"tokens":32},{"file1":"akhali39@illinois.edu_1_01_mps\\mp_stickers_1_5_90496094_Image.cpp","file2":"kcruz28@illinois.edu_1_01_mps\\mp_stickers_1_9_90496816_Image.cpp","start1":145,"end1":164,"start2":73,"end2":91,"tokens":31},{"file1":"akhali39@illinois.edu_1_01_mps\\mp_stickers_1_5_90496094_StickerSheet.cpp","file2":"kcruz28@illinois.edu_1_01_mps\\mp_stickers_1_9_90496816_StickerSheet.cpp","start1":20,"end1":42,"start2":40,"end2":52,"tokens":21},{"file1":"akhali39@illinois.edu_1_01_mps\\mp_stickers_1_5_90496094_StickerSheet.cpp","file2":"kcruz28@illinois.edu_1_01_mps\\mp_stickers_1_9_90496816_StickerSheet.cpp","start1":126,"end1":153,"start2":121,"end2":136,"tokens":21},{"file1":"akhali39@illinois.edu_1_01_mps\\mp_stickers_1_5_90496094_Image.cpp","file2":"kcruz28@illinois.edu_1_01_mps\\mp_stickers_1_9_90496816_Image.cpp","start1":86,"end1":94,"start2":64,"end2":73,"tokens":20},{"file1":"akhali39@illinois.edu_1_01_mps\\mp_stickers_1_5_90496094_StickerSheet.cpp","file2":"kcruz28@illinois.edu_1_01_mps\\mp_stickers_1_9_90496816_StickerSheet.cpp","start1":153,"end1":156,"start2":136,"end2":139,"tokens":18},{"file1":"akhali39@illinois.edu_1_01_mps\\mp_stickers_1_5_90496094_StickerSheet.cpp","file2":"kcruz28@illinois.edu_1_01_mps\\mp_stickers_1_9_90496816_StickerSheet.cpp","start1":169,"end1":220,"start2":59,"end2":73,"tokens":18},{"file1":"akhali39@illinois.edu_1_01_mps\\mp_stickers_1_5_90496094_StickerSheet.cpp","file2":"kcruz28@illinois.edu_1_01_mps\\mp_stickers_1_9_90496816_StickerSheet.cpp","start1":106,"end1":113,"start2":97,"end2":107,"tokens":16},{"file1":"akhali39@illinois.edu_1_01_mps\\mp_stickers_1_5_90496094_Image.cpp","file2":"kcruz28@illinois.edu_1_01_mps\\mp_stickers_1_9_90496816_Image.cpp","start1":116,"end1":119,"start2":92,"end2":95,"tokens":14},{"file1":"akhali39@illinois.edu_1_01_mps\\mp_stickers_1_5_90496094_Image.cpp","file2":"kcruz28@illinois.edu_1_01_mps\\mp_stickers_1_9_90496816_Image.cpp","start1":183,"end1":192,"start2":166,"end2":177,"tokens":14}]}