{"id1":"alexxh2@illinois.edu_1_01_mps","id2":"sd47@illinois.edu_1_01_mps","similarity":0.671090047393365,"matches":[{"file1":"alexxh2@illinois.edu_1_01_mps\\mp_stickers_1_4_90297959_Image.cpp","file2":"sd47@illinois.edu_1_01_mps\\mp_stickers_1_3_90417335_Image.cpp","start1":107,"end1":122,"start2":90,"end2":104,"tokens":25},{"file1":"alexxh2@illinois.edu_1_01_mps\\mp_stickers_1_4_90297959_Image.cpp","file2":"sd47@illinois.edu_1_01_mps\\mp_stickers_1_3_90417335_Image.cpp","start1":16,"end1":28,"start2":16,"end2":26,"tokens":24},{"file1":"alexxh2@illinois.edu_1_01_mps\\mp_stickers_1_4_90297959_Image.cpp","file2":"sd47@illinois.edu_1_01_mps\\mp_stickers_1_3_90417335_Image.cpp","start1":42,"end1":54,"start2":37,"end2":47,"tokens":24},{"file1":"alexxh2@illinois.edu_1_01_mps\\mp_stickers_1_4_90297959_Image.cpp","file2":"sd47@illinois.edu_1_01_mps\\mp_stickers_1_3_90417335_Image.cpp","start1":68,"end1":80,"start2":58,"end2":68,"tokens":24},{"file1":"alexxh2@illinois.edu_1_01_mps\\mp_stickers_1_4_90297959_Image.cpp","file2":"sd47@illinois.edu_1_01_mps\\mp_stickers_1_3_90417335_Image.cpp","start1":94,"end1":106,"start2":79,"end2":89,"tokens":24},{"file1":"alexxh2@illinois.edu_1_01_mps\\mp_stickers_1_4_90297959_StickerSheet.h","file2":"sd47@illinois.edu_1_01_mps\\mp_stickers_1_3_90417335_StickerSheet.h","start1":21,"end1":33,"start2":9,"end2":20,"tokens":23},{"file1":"alexxh2@illinois.edu_1_01_mps\\mp_stickers_1_4_90297959_Image.cpp","file2":"sd47@illinois.edu_1_01_mps\\mp_stickers_1_3_90417335_Image.cpp","start1":29,"end1":39,"start2":27,"end2":36,"tokens":21},{"file1":"alexxh2@illinois.edu_1_01_mps\\mp_stickers_1_4_90297959_Image.cpp","file2":"sd47@illinois.edu_1_01_mps\\mp_stickers_1_3_90417335_Image.cpp","start1":55,"end1":65,"start2":48,"end2":57,"tokens":21},{"file1":"alexxh2@illinois.edu_1_01_mps\\mp_stickers_1_4_90297959_Image.cpp","file2":"sd47@illinois.edu_1_01_mps\\mp_stickers_1_3_90417335_Image.cpp","start1":81,"end1":91,"start2":69,"end2":78,"tokens":21},{"file1":"alexxh2@illinois.edu_1_01_mps\\mp_stickers_1_4_90297959_StickerSheet.cpp","file2":"sd47@illinois.edu_1_01_mps\\mp_stickers_1_3_90417335_StickerSheet.cpp","start1":65,"end1":78,"start2":74,"end2":114,"tokens":18},{"file1":"alexxh2@illinois.edu_1_01_mps\\mp_stickers_1_4_90297959_Image.cpp","file2":"sd47@illinois.edu_1_01_mps\\mp_stickers_1_3_90417335_Image.cpp","start1":150,"end1":159,"start2":136,"end2":144,"tokens":18},{"file1":"alexxh2@illinois.edu_1_01_mps\\mp_stickers_1_4_90297959_Image.cpp","file2":"sd47@illinois.edu_1_01_mps\\mp_stickers_1_3_90417335_Image.cpp","start1":9,"end1":13,"start2":11,"end2":15,"tokens":16},{"file1":"alexxh2@illinois.edu_1_01_mps\\mp_stickers_1_4_90297959_Image.cpp","file2":"sd47@illinois.edu_1_01_mps\\mp_stickers_1_3_90417335_Image.cpp","start1":134,"end1":138,"start2":104,"end2":108,"tokens":16},{"file1":"alexxh2@illinois.edu_1_01_mps\\mp_stickers_1_4_90297959_Image.cpp","file2":"sd47@illinois.edu_1_01_mps\\mp_stickers_1_3_90417335_Image.cpp","start1":122,"end1":126,"start2":120,"end2":124,"tokens":15},{"file1":"alexxh2@illinois.edu_1_01_mps\\mp_stickers_1_4_90297959_Image.h","file2":"sd47@illinois.edu_1_01_mps\\mp_stickers_1_3_90417335_Image.h","start1":15,"end1":28,"start2":14,"end2":23,"tokens":14},{"file1":"alexxh2@illinois.edu_1_01_mps\\mp_stickers_1_4_90297959_StickerSheet.cpp","file2":"sd47@illinois.edu_1_01_mps\\mp_stickers_1_3_90417335_StickerSheet.cpp","start1":97,"end1":105,"start2":126,"end2":130,"tokens":13},{"file1":"alexxh2@illinois.edu_1_01_mps\\mp_stickers_1_4_90297959_Image.cpp","file2":"sd47@illinois.edu_1_01_mps\\mp_stickers_1_3_90417335_Image.cpp","start1":143,"end1":150,"start2":129,"end2":136,"tokens":13},{"file1":"alexxh2@illinois.edu_1_01_mps\\mp_stickers_1_4_90297959_StickerSheet.cpp","file2":"sd47@illinois.edu_1_01_mps\\mp_stickers_1_3_90417335_StickerSheet.cpp","start1":33,"end1":41,"start2":45,"end2":52,"tokens":12},{"file1":"alexxh2@illinois.edu_1_01_mps\\mp_stickers_1_4_90297959_StickerSheet.cpp","file2":"sd47@illinois.edu_1_01_mps\\mp_stickers_1_3_90417335_StickerSheet.cpp","start1":109,"end1":113,"start2":141,"end2":144,"tokens":12}]}