{"id1":"apate524@illinois.edu_1_01_mps","id2":"fywang@illinois.edu_1_01_mps","similarity":0.6826843413421707,"matches":[{"file1":"apate524@illinois.edu_1_01_mps\\mp_stickers_1_8_90393595_Image.h","file2":"fywang@illinois.edu_1_01_mps\\mp_stickers_1_3_90150049_Image.h","start1":11,"end1":37,"start2":13,"end2":29,"tokens":29},{"file1":"apate524@illinois.edu_1_01_mps\\mp_stickers_1_8_90393595_StickerSheet.cpp","file2":"fywang@illinois.edu_1_01_mps\\mp_stickers_1_3_90150049_StickerSheet.cpp","start1":142,"end1":151,"start2":174,"end2":183,"tokens":26},{"file1":"apate524@illinois.edu_1_01_mps\\mp_stickers_1_8_90393595_StickerSheet.cpp","file2":"fywang@illinois.edu_1_01_mps\\mp_stickers_1_3_90150049_StickerSheet.cpp","start1":102,"end1":112,"start2":146,"end2":156,"tokens":22},{"file1":"apate524@illinois.edu_1_01_mps\\mp_stickers_1_8_90393595_Image.cpp","file2":"fywang@illinois.edu_1_01_mps\\mp_stickers_1_3_90150049_Image.cpp","start1":3,"end1":15,"start2":3,"end2":9,"tokens":22},{"file1":"apate524@illinois.edu_1_01_mps\\mp_stickers_1_8_90393595_Image.cpp","file2":"fywang@illinois.edu_1_01_mps\\mp_stickers_1_3_90150049_Image.cpp","start1":68,"end1":77,"start2":12,"end2":21,"tokens":22},{"file1":"apate524@illinois.edu_1_01_mps\\mp_stickers_1_8_90393595_Image.cpp","file2":"fywang@illinois.edu_1_01_mps\\mp_stickers_1_3_90150049_Image.cpp","start1":90,"end1":99,"start2":36,"end2":45,"tokens":22},{"file1":"apate524@illinois.edu_1_01_mps\\mp_stickers_1_8_90393595_Image.cpp","file2":"fywang@illinois.edu_1_01_mps\\mp_stickers_1_3_90150049_Image.cpp","start1":100,"end1":112,"start2":24,"end2":34,"tokens":22},{"file1":"apate524@illinois.edu_1_01_mps\\mp_stickers_1_8_90393595_Image.cpp","file2":"fywang@illinois.edu_1_01_mps\\mp_stickers_1_3_90150049_Image.cpp","start1":18,"end1":27,"start2":60,"end2":69,"tokens":21},{"file1":"apate524@illinois.edu_1_01_mps\\mp_stickers_1_8_90393595_Image.cpp","file2":"fywang@illinois.edu_1_01_mps\\mp_stickers_1_3_90150049_Image.cpp","start1":44,"end1":53,"start2":84,"end2":93,"tokens":21},{"file1":"apate524@illinois.edu_1_01_mps\\mp_stickers_1_8_90393595_Image.cpp","file2":"fywang@illinois.edu_1_01_mps\\mp_stickers_1_3_90150049_Image.cpp","start1":78,"end1":89,"start2":48,"end2":57,"tokens":21},{"file1":"apate524@illinois.edu_1_01_mps\\mp_stickers_1_8_90393595_Image.cpp","file2":"fywang@illinois.edu_1_01_mps\\mp_stickers_1_3_90150049_Image.cpp","start1":30,"end1":41,"start2":72,"end2":81,"tokens":20},{"file1":"apate524@illinois.edu_1_01_mps\\mp_stickers_1_8_90393595_Image.cpp","file2":"fywang@illinois.edu_1_01_mps\\mp_stickers_1_3_90150049_Image.cpp","start1":56,"end1":67,"start2":96,"end2":105,"tokens":20},{"file1":"apate524@illinois.edu_1_01_mps\\mp_stickers_1_8_90393595_Image.cpp","file2":"fywang@illinois.edu_1_01_mps\\mp_stickers_1_3_90150049_Image.cpp","start1":126,"end1":137,"start2":120,"end2":129,"tokens":20},{"file1":"apate524@illinois.edu_1_01_mps\\mp_stickers_1_8_90393595_StickerSheet.cpp","file2":"fywang@illinois.edu_1_01_mps\\mp_stickers_1_3_90150049_StickerSheet.cpp","start1":11,"end1":26,"start2":49,"end2":59,"tokens":19},{"file1":"apate524@illinois.edu_1_01_mps\\mp_stickers_1_8_90393595_StickerSheet.h","file2":"fywang@illinois.edu_1_01_mps\\mp_stickers_1_3_90150049_StickerSheet.h","start1":19,"end1":35,"start2":17,"end2":25,"tokens":19},{"file1":"apate524@illinois.edu_1_01_mps\\mp_stickers_1_8_90393595_Image.cpp","file2":"fywang@illinois.edu_1_01_mps\\mp_stickers_1_3_90150049_Image.cpp","start1":113,"end1":121,"start2":108,"end2":114,"tokens":18},{"file1":"apate524@illinois.edu_1_01_mps\\mp_stickers_1_8_90393595_Image.cpp","file2":"fywang@illinois.edu_1_01_mps\\mp_stickers_1_3_90150049_Image.cpp","start1":138,"end1":151,"start2":131,"end2":142,"tokens":15},{"file1":"apate524@illinois.edu_1_01_mps\\mp_stickers_1_8_90393595_StickerSheet.cpp","file2":"fywang@illinois.edu_1_01_mps\\mp_stickers_1_3_90150049_Image.cpp","start1":133,"end1":141,"start2":148,"end2":154,"tokens":14},{"file1":"apate524@illinois.edu_1_01_mps\\mp_stickers_1_8_90393595_Image.cpp","file2":"fywang@illinois.edu_1_01_mps\\mp_stickers_1_3_90150049_Image.cpp","start1":155,"end1":158,"start2":143,"end2":146,"tokens":14},{"file1":"apate524@illinois.edu_1_01_mps\\mp_stickers_1_8_90393595_StickerSheet.cpp","file2":"fywang@illinois.edu_1_01_mps\\mp_stickers_1_3_90150049_StickerSheet.cpp","start1":84,"end1":98,"start2":134,"end2":144,"tokens":13},{"file1":"apate524@illinois.edu_1_01_mps\\mp_stickers_1_8_90393595_StickerSheet.cpp","file2":"fywang@illinois.edu_1_01_mps\\mp_stickers_1_3_90150049_StickerSheet.cpp","start1":61,"end1":70,"start2":111,"end2":119,"tokens":12}]}