{"id1":"apate524@illinois.edu_1_01_mps","id2":"xinyihu5@illinois.edu_1_01_mps","similarity":0.665587044534413,"matches":[{"file1":"apate524@illinois.edu_1_01_mps\\mp_stickers_1_8_90393595_Image.h","file2":"xinyihu5@illinois.edu_1_01_mps\\mp_stickers_1_10_89232908_Image.h","start1":11,"end1":37,"start2":11,"end2":27,"tokens":29},{"file1":"apate524@illinois.edu_1_01_mps\\mp_stickers_1_8_90393595_Image.cpp","file2":"xinyihu5@illinois.edu_1_01_mps\\mp_stickers_1_10_89232908_Image.cpp","start1":16,"end1":27,"start2":18,"end2":28,"tokens":26},{"file1":"apate524@illinois.edu_1_01_mps\\mp_stickers_1_8_90393595_Image.cpp","file2":"xinyihu5@illinois.edu_1_01_mps\\mp_stickers_1_10_89232908_Image.cpp","start1":42,"end1":53,"start2":43,"end2":53,"tokens":26},{"file1":"apate524@illinois.edu_1_01_mps\\mp_stickers_1_8_90393595_Image.cpp","file2":"xinyihu5@illinois.edu_1_01_mps\\mp_stickers_1_10_89232908_Image.cpp","start1":28,"end1":41,"start2":30,"end2":41,"tokens":25},{"file1":"apate524@illinois.edu_1_01_mps\\mp_stickers_1_8_90393595_Image.cpp","file2":"xinyihu5@illinois.edu_1_01_mps\\mp_stickers_1_10_89232908_Image.cpp","start1":54,"end1":67,"start2":55,"end2":66,"tokens":25},{"file1":"apate524@illinois.edu_1_01_mps\\mp_stickers_1_8_90393595_Image.cpp","file2":"xinyihu5@illinois.edu_1_01_mps\\mp_stickers_1_10_89232908_Image.cpp","start1":124,"end1":137,"start2":80,"end2":90,"tokens":25},{"file1":"apate524@illinois.edu_1_01_mps\\mp_stickers_1_8_90393595_Image.cpp","file2":"xinyihu5@illinois.edu_1_01_mps\\mp_stickers_1_10_89232908_Image.cpp","start1":3,"end1":15,"start2":4,"end2":14,"tokens":22},{"file1":"apate524@illinois.edu_1_01_mps\\mp_stickers_1_8_90393595_Image.cpp","file2":"xinyihu5@illinois.edu_1_01_mps\\mp_stickers_1_10_89232908_Image.cpp","start1":68,"end1":77,"start2":70,"end2":78,"tokens":21},{"file1":"apate524@illinois.edu_1_01_mps\\mp_stickers_1_8_90393595_Image.cpp","file2":"xinyihu5@illinois.edu_1_01_mps\\mp_stickers_1_10_89232908_Image.cpp","start1":90,"end1":99,"start2":94,"end2":102,"tokens":21},{"file1":"apate524@illinois.edu_1_01_mps\\mp_stickers_1_8_90393595_Image.cpp","file2":"xinyihu5@illinois.edu_1_01_mps\\mp_stickers_1_10_89232908_Image.cpp","start1":100,"end1":112,"start2":106,"end2":115,"tokens":21},{"file1":"apate524@illinois.edu_1_01_mps\\mp_stickers_1_8_90393595_Image.cpp","file2":"xinyihu5@illinois.edu_1_01_mps\\mp_stickers_1_10_89232908_Image.cpp","start1":78,"end1":89,"start2":128,"end2":135,"tokens":20},{"file1":"apate524@illinois.edu_1_01_mps\\mp_stickers_1_8_90393595_StickerSheet.cpp","file2":"xinyihu5@illinois.edu_1_01_mps\\mp_stickers_1_10_89232908_StickerSheet.cpp","start1":147,"end1":151,"start2":236,"end2":243,"tokens":19},{"file1":"apate524@illinois.edu_1_01_mps\\mp_stickers_1_8_90393595_StickerSheet.h","file2":"xinyihu5@illinois.edu_1_01_mps\\mp_stickers_1_10_89232908_StickerSheet.h","start1":19,"end1":35,"start2":16,"end2":25,"tokens":19},{"file1":"apate524@illinois.edu_1_01_mps\\mp_stickers_1_8_90393595_Image.cpp","file2":"xinyihu5@illinois.edu_1_01_mps\\mp_stickers_1_10_89232908_Image.cpp","start1":113,"end1":121,"start2":117,"end2":122,"tokens":18},{"file1":"apate524@illinois.edu_1_01_mps\\mp_stickers_1_8_90393595_StickerSheet.cpp","file2":"xinyihu5@illinois.edu_1_01_mps\\mp_stickers_1_10_89232908_StickerSheet.cpp","start1":133,"end1":142,"start2":200,"end2":205,"tokens":15},{"file1":"apate524@illinois.edu_1_01_mps\\mp_stickers_1_8_90393595_StickerSheet.cpp","file2":"xinyihu5@illinois.edu_1_01_mps\\mp_stickers_1_10_89232908_StickerSheet.cpp","start1":107,"end1":114,"start2":181,"end2":188,"tokens":14},{"file1":"apate524@illinois.edu_1_01_mps\\mp_stickers_1_8_90393595_Image.cpp","file2":"xinyihu5@illinois.edu_1_01_mps\\mp_stickers_1_10_89232908_Image.cpp","start1":138,"end1":149,"start2":137,"end2":146,"tokens":14},{"file1":"apate524@illinois.edu_1_01_mps\\mp_stickers_1_8_90393595_Image.cpp","file2":"xinyihu5@illinois.edu_1_01_mps\\mp_stickers_1_10_89232908_Image.cpp","start1":151,"end1":157,"start2":147,"end2":155,"tokens":14},{"file1":"apate524@illinois.edu_1_01_mps\\mp_stickers_1_8_90393595_StickerSheet.cpp","file2":"xinyihu5@illinois.edu_1_01_mps\\mp_stickers_1_10_89232908_StickerSheet.cpp","start1":84,"end1":98,"start2":161,"end2":170,"tokens":13},{"file1":"apate524@illinois.edu_1_01_mps\\mp_stickers_1_8_90393595_StickerSheet.cpp","file2":"xinyihu5@illinois.edu_1_01_mps\\mp_stickers_1_10_89232908_StickerSheet.cpp","start1":40,"end1":50,"start2":108,"end2":117,"tokens":12},{"file1":"apate524@illinois.edu_1_01_mps\\mp_stickers_1_8_90393595_StickerSheet.cpp","file2":"xinyihu5@illinois.edu_1_01_mps\\mp_stickers_1_10_89232908_StickerSheet.cpp","start1":61,"end1":70,"start2":120,"end2":126,"tokens":12}]}