{"id1":"apate524@illinois.edu_1_01_mps","id2":"sukminh2@illinois.edu_1_01_mps","similarity":0.659217877094972,"matches":[{"file1":"apate524@illinois.edu_1_01_mps\\mp_stickers_1_8_90393595_Image.cpp","file2":"sukminh2@illinois.edu_1_01_mps\\mp_stickers_1_6_90420542_Image.cpp","start1":3,"end1":119,"start2":3,"end2":118,"tokens":215},{"file1":"apate524@illinois.edu_1_01_mps\\mp_stickers_1_8_90393595_Image.cpp","file2":"sukminh2@illinois.edu_1_01_mps\\mp_stickers_1_6_90420542_Image.cpp","start1":119,"end1":135,"start2":131,"end2":150,"tokens":31},{"file1":"apate524@illinois.edu_1_01_mps\\mp_stickers_1_8_90393595_Image.h","file2":"sukminh2@illinois.edu_1_01_mps\\mp_stickers_1_6_90420542_Image.h","start1":11,"end1":37,"start2":13,"end2":29,"tokens":29},{"file1":"apate524@illinois.edu_1_01_mps\\mp_stickers_1_8_90393595_Image.cpp","file2":"sukminh2@illinois.edu_1_01_mps\\mp_stickers_1_6_90420542_Image.cpp","start1":135,"end1":149,"start2":118,"end2":131,"tokens":25},{"file1":"apate524@illinois.edu_1_01_mps\\mp_stickers_1_8_90393595_StickerSheet.cpp","file2":"sukminh2@illinois.edu_1_01_mps\\mp_stickers_1_6_90420542_StickerSheet.cpp","start1":143,"end1":150,"start2":138,"end2":144,"tokens":24},{"file1":"apate524@illinois.edu_1_01_mps\\mp_stickers_1_8_90393595_StickerSheet.h","file2":"sukminh2@illinois.edu_1_01_mps\\mp_stickers_1_6_90420542_StickerSheet.h","start1":19,"end1":35,"start2":19,"end2":27,"tokens":19},{"file1":"apate524@illinois.edu_1_01_mps\\mp_stickers_1_8_90393595_StickerSheet.cpp","file2":"sukminh2@illinois.edu_1_01_mps\\mp_stickers_1_6_90420542_Image.cpp","start1":129,"end1":141,"start2":192,"end2":202,"tokens":18},{"file1":"apate524@illinois.edu_1_01_mps\\mp_stickers_1_8_90393595_StickerSheet.cpp","file2":"sukminh2@illinois.edu_1_01_mps\\mp_stickers_1_6_90420542_StickerSheet.cpp","start1":107,"end1":112,"start2":119,"end2":124,"tokens":14},{"file1":"apate524@illinois.edu_1_01_mps\\mp_stickers_1_8_90393595_StickerSheet.cpp","file2":"sukminh2@illinois.edu_1_01_mps\\mp_stickers_1_6_90420542_StickerSheet.cpp","start1":84,"end1":98,"start2":104,"end2":114,"tokens":13},{"file1":"apate524@illinois.edu_1_01_mps\\mp_stickers_1_8_90393595_Image.cpp","file2":"sukminh2@illinois.edu_1_01_mps\\mp_stickers_1_6_90420542_StickerSheet.cpp","start1":155,"end1":157,"start2":25,"end2":29,"tokens":13},{"file1":"apate524@illinois.edu_1_01_mps\\mp_stickers_1_8_90393595_StickerSheet.cpp","file2":"sukminh2@illinois.edu_1_01_mps\\mp_stickers_1_6_90420542_StickerSheet.cpp","start1":40,"end1":50,"start2":72,"end2":79,"tokens":12}]}