{"id1":"arnavj6@illinois.edu_1_01_mps","id2":"dtyagi3@illinois.edu_1_01_mps","similarity":0.879492600422833,"matches":[{"file1":"arnavj6@illinois.edu_1_01_mps\\mp_stickers_1_4_90492089_Image.cpp","file2":"dtyagi3@illinois.edu_1_01_mps\\mp_stickers_1_6_90485699_Image.cpp","start1":6,"end1":138,"start2":6,"end2":138,"tokens":296},{"file1":"arnavj6@illinois.edu_1_01_mps\\mp_stickers_1_4_90492089_StickerSheet.cpp","file2":"dtyagi3@illinois.edu_1_01_mps\\mp_stickers_1_6_90485699_StickerSheet.cpp","start1":50,"end1":102,"start2":57,"end2":108,"tokens":89},{"file1":"arnavj6@illinois.edu_1_01_mps\\mp_stickers_1_4_90492089_StickerSheet.cpp","file2":"dtyagi3@illinois.edu_1_01_mps\\mp_stickers_1_6_90485699_StickerSheet.cpp","start1":110,"end1":162,"start2":118,"end2":170,"tokens":81},{"file1":"arnavj6@illinois.edu_1_01_mps\\mp_stickers_1_4_90492089_Image.cpp","file2":"dtyagi3@illinois.edu_1_01_mps\\mp_stickers_1_6_90485699_Image.cpp","start1":150,"end1":170,"start2":138,"end2":158,"tokens":35},{"file1":"arnavj6@illinois.edu_1_01_mps\\mp_stickers_1_4_90492089_StickerSheet.cpp","file2":"dtyagi3@illinois.edu_1_01_mps\\mp_stickers_1_6_90485699_StickerSheet.cpp","start1":7,"end1":22,"start2":7,"end2":22,"tokens":29},{"file1":"arnavj6@illinois.edu_1_01_mps\\mp_stickers_1_4_90492089_StickerSheet.cpp","file2":"dtyagi3@illinois.edu_1_01_mps\\mp_stickers_1_6_90485699_StickerSheet.cpp","start1":28,"end1":48,"start2":27,"end2":47,"tokens":27},{"file1":"arnavj6@illinois.edu_1_01_mps\\mp_stickers_1_4_90492089_Image.cpp","file2":"dtyagi3@illinois.edu_1_01_mps\\mp_stickers_1_6_90485699_Image.cpp","start1":138,"end1":148,"start2":178,"end2":188,"tokens":27},{"file1":"arnavj6@illinois.edu_1_01_mps\\mp_stickers_1_4_90492089_StickerSheet.h","file2":"dtyagi3@illinois.edu_1_01_mps\\mp_stickers_1_6_90485699_StickerSheet.h","start1":10,"end1":19,"start2":10,"end2":19,"tokens":20},{"file1":"arnavj6@illinois.edu_1_01_mps\\mp_stickers_1_4_90492089_Image.h","file2":"dtyagi3@illinois.edu_1_01_mps\\mp_stickers_1_6_90485699_Image.h","start1":12,"end1":24,"start2":14,"end2":28,"tokens":20}]}