{"id1":"arnavj6@illinois.edu_1_01_mps","id2":"zpei4@illinois.edu_1_01_mps","similarity":0.8473389355742297,"matches":[{"file1":"arnavj6@illinois.edu_1_01_mps\\mp_stickers_1_4_90492089_Image.cpp","file2":"zpei4@illinois.edu_1_01_mps\\mp_stickers_1_2_89522955_Image.cpp","start1":28,"end1":110,"start2":81,"end2":163,"tokens":181},{"file1":"arnavj6@illinois.edu_1_01_mps\\mp_stickers_1_4_90492089_StickerSheet.cpp","file2":"zpei4@illinois.edu_1_01_mps\\mp_stickers_1_2_89522955_StickerSheet.cpp","start1":42,"end1":102,"start2":29,"end2":88,"tokens":94},{"file1":"arnavj6@illinois.edu_1_01_mps\\mp_stickers_1_4_90492089_StickerSheet.cpp","file2":"zpei4@illinois.edu_1_01_mps\\mp_stickers_1_2_89522955_StickerSheet.cpp","start1":110,"end1":162,"start2":98,"end2":150,"tokens":81},{"file1":"arnavj6@illinois.edu_1_01_mps\\mp_stickers_1_4_90492089_Image.cpp","file2":"zpei4@illinois.edu_1_01_mps\\mp_stickers_1_2_89522955_Image.cpp","start1":117,"end1":143,"start2":17,"end2":45,"tokens":58},{"file1":"arnavj6@illinois.edu_1_01_mps\\mp_stickers_1_4_90492089_Image.cpp","file2":"zpei4@illinois.edu_1_01_mps\\mp_stickers_1_2_89522955_Image.cpp","start1":150,"end1":170,"start2":163,"end2":181,"tokens":35},{"file1":"arnavj6@illinois.edu_1_01_mps\\mp_stickers_1_4_90492089_StickerSheet.cpp","file2":"zpei4@illinois.edu_1_01_mps\\mp_stickers_1_2_89522955_StickerSheet.cpp","start1":7,"end1":20,"start2":12,"end2":25,"tokens":27},{"file1":"arnavj6@illinois.edu_1_01_mps\\mp_stickers_1_4_90492089_Image.cpp","file2":"zpei4@illinois.edu_1_01_mps\\mp_stickers_1_2_89522955_Image.cpp","start1":15,"end1":26,"start2":64,"end2":75,"tokens":27},{"file1":"arnavj6@illinois.edu_1_01_mps\\mp_stickers_1_4_90492089_StickerSheet.h","file2":"zpei4@illinois.edu_1_01_mps\\mp_stickers_1_2_89522955_StickerSheet.h","start1":10,"end1":22,"start2":11,"end2":23,"tokens":24},{"file1":"arnavj6@illinois.edu_1_01_mps\\mp_stickers_1_4_90492089_Image.cpp","file2":"zpei4@illinois.edu_1_01_mps\\mp_stickers_1_2_89522955_Image.cpp","start1":6,"end1":13,"start2":51,"end2":58,"tokens":23},{"file1":"arnavj6@illinois.edu_1_01_mps\\mp_stickers_1_4_90492089_StickerSheet.cpp","file2":"zpei4@illinois.edu_1_01_mps\\mp_stickers_1_2_89522955_StickerSheet.cpp","start1":28,"end1":41,"start2":157,"end2":170,"tokens":22},{"file1":"arnavj6@illinois.edu_1_01_mps\\mp_stickers_1_4_90492089_Image.cpp","file2":"zpei4@illinois.edu_1_01_mps\\mp_stickers_1_2_89522955_Image.cpp","start1":110,"end1":115,"start2":5,"end2":10,"tokens":20},{"file1":"arnavj6@illinois.edu_1_01_mps\\mp_stickers_1_4_90492089_Image.h","file2":"zpei4@illinois.edu_1_01_mps\\mp_stickers_1_2_89522955_Image.h","start1":14,"end1":22,"start2":18,"end2":26,"tokens":13}]}