{"id1":"arnavj6@illinois.edu_1_01_mps","id2":"nwong27@illinois.edu_1_01_mps","similarity":0.8039631988676574,"matches":[{"file1":"arnavj6@illinois.edu_1_01_mps\\mp_stickers_1_4_90492089_StickerSheet.cpp","file2":"nwong27@illinois.edu_1_01_mps\\mp_stickers_1_1_88778591_StickerSheet.cpp","start1":28,"end1":102,"start2":27,"end2":99,"tokens":116},{"file1":"arnavj6@illinois.edu_1_01_mps\\mp_stickers_1_4_90492089_Image.cpp","file2":"nwong27@illinois.edu_1_01_mps\\mp_stickers_1_1_88778591_Image.cpp","start1":106,"end1":144,"start2":139,"end2":177,"tokens":84},{"file1":"arnavj6@illinois.edu_1_01_mps\\mp_stickers_1_4_90492089_StickerSheet.cpp","file2":"nwong27@illinois.edu_1_01_mps\\mp_stickers_1_1_88778591_StickerSheet.cpp","start1":110,"end1":162,"start2":109,"end2":161,"tokens":81},{"file1":"arnavj6@illinois.edu_1_01_mps\\mp_stickers_1_4_90492089_StickerSheet.cpp","file2":"nwong27@illinois.edu_1_01_mps\\mp_stickers_1_1_88778591_StickerSheet.cpp","start1":7,"end1":22,"start2":7,"end2":22,"tokens":29},{"file1":"arnavj6@illinois.edu_1_01_mps\\mp_stickers_1_4_90492089_Image.cpp","file2":"nwong27@illinois.edu_1_01_mps\\mp_stickers_1_1_88778591_Image.cpp","start1":15,"end1":26,"start2":20,"end2":31,"tokens":27},{"file1":"arnavj6@illinois.edu_1_01_mps\\mp_stickers_1_4_90492089_Image.cpp","file2":"nwong27@illinois.edu_1_01_mps\\mp_stickers_1_1_88778591_Image.cpp","start1":41,"end1":52,"start2":54,"end2":65,"tokens":27},{"file1":"arnavj6@illinois.edu_1_01_mps\\mp_stickers_1_4_90492089_Image.cpp","file2":"nwong27@illinois.edu_1_01_mps\\mp_stickers_1_1_88778591_Image.cpp","start1":67,"end1":78,"start2":88,"end2":99,"tokens":27},{"file1":"arnavj6@illinois.edu_1_01_mps\\mp_stickers_1_4_90492089_Image.cpp","file2":"nwong27@illinois.edu_1_01_mps\\mp_stickers_1_1_88778591_Image.cpp","start1":93,"end1":104,"start2":122,"end2":133,"tokens":27},{"file1":"arnavj6@illinois.edu_1_01_mps\\mp_stickers_1_4_90492089_Image.cpp","file2":"nwong27@illinois.edu_1_01_mps\\mp_stickers_1_1_88778591_Image.cpp","start1":28,"end1":39,"start2":37,"end2":48,"tokens":26},{"file1":"arnavj6@illinois.edu_1_01_mps\\mp_stickers_1_4_90492089_Image.cpp","file2":"nwong27@illinois.edu_1_01_mps\\mp_stickers_1_1_88778591_Image.cpp","start1":54,"end1":65,"start2":71,"end2":82,"tokens":26},{"file1":"arnavj6@illinois.edu_1_01_mps\\mp_stickers_1_4_90492089_Image.cpp","file2":"nwong27@illinois.edu_1_01_mps\\mp_stickers_1_1_88778591_Image.cpp","start1":80,"end1":91,"start2":105,"end2":116,"tokens":26},{"file1":"arnavj6@illinois.edu_1_01_mps\\mp_stickers_1_4_90492089_Image.h","file2":"nwong27@illinois.edu_1_01_mps\\mp_stickers_1_1_88778591_Image.h","start1":12,"end1":27,"start2":11,"end2":26,"tokens":26},{"file1":"arnavj6@illinois.edu_1_01_mps\\mp_stickers_1_4_90492089_StickerSheet.h","file2":"nwong27@illinois.edu_1_01_mps\\mp_stickers_1_1_88778591_StickerSheet.h","start1":10,"end1":21,"start2":7,"end2":18,"tokens":23},{"file1":"arnavj6@illinois.edu_1_01_mps\\mp_stickers_1_4_90492089_Image.cpp","file2":"nwong27@illinois.edu_1_01_mps\\mp_stickers_1_1_88778591_Image.cpp","start1":6,"end1":13,"start2":7,"end2":14,"tokens":23}]}