{"id1":"at33@illinois.edu_1_01_mps","id2":"sxji2@illinois.edu_1_01_mps","similarity":0.7369281045751634,"matches":[{"file1":"at33@illinois.edu_1_01_mps\\mp_stickers_1_2_90645895_Image.cpp","file2":"sxji2@illinois.edu_1_01_mps\\mp_stickers_1_1_90733493_Image.cpp","start1":82,"end1":127,"start2":125,"end2":168,"tokens":75},{"file1":"at33@illinois.edu_1_01_mps\\mp_stickers_1_2_90645895_StickerSheet.cpp","file2":"sxji2@illinois.edu_1_01_mps\\mp_stickers_1_1_90733493_StickerSheet.cpp","start1":452,"end1":469,"start2":176,"end2":193,"tokens":33},{"file1":"at33@illinois.edu_1_01_mps\\mp_stickers_1_2_90645895_StickerSheet.cpp","file2":"sxji2@illinois.edu_1_01_mps\\mp_stickers_1_1_90733493_StickerSheet.cpp","start1":504,"end1":520,"start2":265,"end2":281,"tokens":29},{"file1":"at33@illinois.edu_1_01_mps\\mp_stickers_1_2_90645895_Image.h","file2":"sxji2@illinois.edu_1_01_mps\\mp_stickers_1_1_90733493_Image.h","start1":14,"end1":33,"start2":13,"end2":28,"tokens":26},{"file1":"at33@illinois.edu_1_01_mps\\mp_stickers_1_2_90645895_Image.cpp","file2":"sxji2@illinois.edu_1_01_mps\\mp_stickers_1_1_90733493_Image.cpp","start1":137,"end1":149,"start2":179,"end2":191,"tokens":25},{"file1":"at33@illinois.edu_1_01_mps\\mp_stickers_1_2_90645895_StickerSheet.cpp","file2":"sxji2@illinois.edu_1_01_mps\\mp_stickers_1_1_90733493_StickerSheet.cpp","start1":525,"end1":542,"start2":286,"end2":303,"tokens":25},{"file1":"at33@illinois.edu_1_01_mps\\mp_stickers_1_2_90645895_StickerSheet.cpp","file2":"sxji2@illinois.edu_1_01_mps\\mp_stickers_1_1_90733493_StickerSheet.cpp","start1":563,"end1":579,"start2":316,"end2":331,"tokens":23},{"file1":"at33@illinois.edu_1_01_mps\\mp_stickers_1_2_90645895_StickerSheet.h","file2":"sxji2@illinois.edu_1_01_mps\\mp_stickers_1_1_90733493_StickerSheet.h","start1":49,"end1":59,"start2":36,"end2":46,"tokens":22},{"file1":"at33@illinois.edu_1_01_mps\\mp_stickers_1_2_90645895_StickerSheet.cpp","file2":"sxji2@illinois.edu_1_01_mps\\mp_stickers_1_1_90733493_StickerSheet.cpp","start1":486,"end1":494,"start2":225,"end2":234,"tokens":20},{"file1":"at33@illinois.edu_1_01_mps\\mp_stickers_1_2_90645895_Image.cpp","file2":"sxji2@illinois.edu_1_01_mps\\mp_stickers_1_1_90733493_Image.cpp","start1":12,"end1":21,"start2":21,"end2":29,"tokens":19},{"file1":"at33@illinois.edu_1_01_mps\\mp_stickers_1_2_90645895_Image.cpp","file2":"sxji2@illinois.edu_1_01_mps\\mp_stickers_1_1_90733493_Image.cpp","start1":32,"end1":41,"start2":50,"end2":59,"tokens":19},{"file1":"at33@illinois.edu_1_01_mps\\mp_stickers_1_2_90645895_Image.cpp","file2":"sxji2@illinois.edu_1_01_mps\\mp_stickers_1_1_90733493_Image.cpp","start1":52,"end1":61,"start2":80,"end2":89,"tokens":19},{"file1":"at33@illinois.edu_1_01_mps\\mp_stickers_1_2_90645895_Image.cpp","file2":"sxji2@illinois.edu_1_01_mps\\mp_stickers_1_1_90733493_Image.cpp","start1":72,"end1":81,"start2":110,"end2":119,"tokens":19},{"file1":"at33@illinois.edu_1_01_mps\\mp_stickers_1_2_90645895_Image.cpp","file2":"sxji2@illinois.edu_1_01_mps\\mp_stickers_1_1_90733493_Image.cpp","start1":22,"end1":31,"start2":35,"end2":44,"tokens":18},{"file1":"at33@illinois.edu_1_01_mps\\mp_stickers_1_2_90645895_Image.cpp","file2":"sxji2@illinois.edu_1_01_mps\\mp_stickers_1_1_90733493_Image.cpp","start1":42,"end1":51,"start2":65,"end2":74,"tokens":18},{"file1":"at33@illinois.edu_1_01_mps\\mp_stickers_1_2_90645895_Image.cpp","file2":"sxji2@illinois.edu_1_01_mps\\mp_stickers_1_1_90733493_Image.cpp","start1":62,"end1":71,"start2":95,"end2":104,"tokens":18},{"file1":"at33@illinois.edu_1_01_mps\\mp_stickers_1_2_90645895_Image.cpp","file2":"sxji2@illinois.edu_1_01_mps\\mp_stickers_1_1_90733493_Image.cpp","start1":6,"end1":11,"start2":10,"end2":15,"tokens":15},{"file1":"at33@illinois.edu_1_01_mps\\mp_stickers_1_2_90645895_StickerSheet.cpp","file2":"sxji2@illinois.edu_1_01_mps\\mp_stickers_1_1_90733493_StickerSheet.cpp","start1":475,"end1":485,"start2":215,"end2":225,"tokens":15},{"file1":"at33@illinois.edu_1_01_mps\\mp_stickers_1_2_90645895_StickerSheet.cpp","file2":"sxji2@illinois.edu_1_01_mps\\mp_stickers_1_1_90733493_StickerSheet.cpp","start1":432,"end1":438,"start2":201,"end2":206,"tokens":13}]}