{"id1":"atiwari5@illinois.edu_1_01_mps","id2":"anaghat3@illinois.edu_1_01_mps","similarity":0.672360248447205,"matches":[{"file1":"atiwari5@illinois.edu_1_01_mps\\mp_stickers_1_3_90379358_Image.cpp","file2":"anaghat3@illinois.edu_1_01_mps\\mp_stickers_1_5_90471234_Image.cpp","start1":43,"end1":74,"start2":141,"end2":171,"tokens":51},{"file1":"atiwari5@illinois.edu_1_01_mps\\mp_stickers_1_3_90379358_StickerSheet.cpp","file2":"anaghat3@illinois.edu_1_01_mps\\mp_stickers_1_5_90471234_StickerSheet.cpp","start1":203,"end1":230,"start2":188,"end2":218,"tokens":46},{"file1":"atiwari5@illinois.edu_1_01_mps\\mp_stickers_1_3_90379358_Image.cpp","file2":"anaghat3@illinois.edu_1_01_mps\\mp_stickers_1_5_90471234_Image.cpp","start1":126,"end1":144,"start2":27,"end2":42,"tokens":29},{"file1":"atiwari5@illinois.edu_1_01_mps\\mp_stickers_1_3_90379358_Image.cpp","file2":"anaghat3@illinois.edu_1_01_mps\\mp_stickers_1_5_90471234_Image.cpp","start1":176,"end1":194,"start2":59,"end2":75,"tokens":29},{"file1":"atiwari5@illinois.edu_1_01_mps\\mp_stickers_1_3_90379358_Image.cpp","file2":"anaghat3@illinois.edu_1_01_mps\\mp_stickers_1_5_90471234_Image.cpp","start1":79,"end1":102,"start2":120,"end2":137,"tokens":25},{"file1":"atiwari5@illinois.edu_1_01_mps\\mp_stickers_1_3_90379358_Image.cpp","file2":"anaghat3@illinois.edu_1_01_mps\\mp_stickers_1_5_90471234_Image.cpp","start1":110,"end1":126,"start2":43,"end2":56,"tokens":25},{"file1":"atiwari5@illinois.edu_1_01_mps\\mp_stickers_1_3_90379358_Image.cpp","file2":"anaghat3@illinois.edu_1_01_mps\\mp_stickers_1_5_90471234_Image.cpp","start1":160,"end1":176,"start2":76,"end2":89,"tokens":24},{"file1":"atiwari5@illinois.edu_1_01_mps\\mp_stickers_1_3_90379358_Image.cpp","file2":"anaghat3@illinois.edu_1_01_mps\\mp_stickers_1_5_90471234_Image.cpp","start1":26,"end1":33,"start2":19,"end2":26,"tokens":22},{"file1":"atiwari5@illinois.edu_1_01_mps\\mp_stickers_1_3_90379358_Image.cpp","file2":"anaghat3@illinois.edu_1_01_mps\\mp_stickers_1_5_90471234_Image.cpp","start1":145,"end1":158,"start2":90,"end2":100,"tokens":22},{"file1":"atiwari5@illinois.edu_1_01_mps\\mp_stickers_1_3_90379358_StickerSheet.cpp","file2":"anaghat3@illinois.edu_1_01_mps\\mp_stickers_1_5_90471234_StickerSheet.cpp","start1":15,"end1":43,"start2":7,"end2":21,"tokens":22},{"file1":"atiwari5@illinois.edu_1_01_mps\\mp_stickers_1_3_90379358_Image.h","file2":"anaghat3@illinois.edu_1_01_mps\\mp_stickers_1_5_90471234_Image.h","start1":9,"end1":26,"start2":12,"end2":37,"tokens":20},{"file1":"atiwari5@illinois.edu_1_01_mps\\mp_stickers_1_3_90379358_StickerSheet.cpp","file2":"anaghat3@illinois.edu_1_01_mps\\mp_stickers_1_5_90471234_StickerSheet.cpp","start1":156,"end1":172,"start2":132,"end2":158,"tokens":19},{"file1":"atiwari5@illinois.edu_1_01_mps\\mp_stickers_1_3_90379358_StickerSheet.cpp","file2":"anaghat3@illinois.edu_1_01_mps\\mp_stickers_1_5_90471234_StickerSheet.cpp","start1":45,"end1":63,"start2":23,"end2":40,"tokens":17},{"file1":"atiwari5@illinois.edu_1_01_mps\\mp_stickers_1_3_90379358_Image.cpp","file2":"anaghat3@illinois.edu_1_01_mps\\mp_stickers_1_5_90471234_Image.cpp","start1":75,"end1":79,"start2":107,"end2":111,"tokens":16},{"file1":"atiwari5@illinois.edu_1_01_mps\\mp_stickers_1_3_90379358_Image.cpp","file2":"anaghat3@illinois.edu_1_01_mps\\mp_stickers_1_5_90471234_Image.cpp","start1":210,"end1":217,"start2":175,"end2":180,"tokens":16},{"file1":"atiwari5@illinois.edu_1_01_mps\\mp_stickers_1_3_90379358_Image.cpp","file2":"anaghat3@illinois.edu_1_01_mps\\mp_stickers_1_5_90471234_Image.cpp","start1":102,"end1":104,"start2":117,"end2":119,"tokens":13},{"file1":"atiwari5@illinois.edu_1_01_mps\\mp_stickers_1_3_90379358_StickerSheet.cpp","file2":"anaghat3@illinois.edu_1_01_mps\\mp_stickers_1_5_90471234_StickerSheet.cpp","start1":124,"end1":136,"start2":80,"end2":89,"tokens":13},{"file1":"atiwari5@illinois.edu_1_01_mps\\mp_stickers_1_3_90379358_StickerSheet.h","file2":"anaghat3@illinois.edu_1_01_mps\\mp_stickers_1_5_90471234_StickerSheet.h","start1":19,"end1":25,"start2":12,"end2":25,"tokens":12},{"file1":"atiwari5@illinois.edu_1_01_mps\\mp_stickers_1_3_90379358_StickerSheet.cpp","file2":"anaghat3@illinois.edu_1_01_mps\\mp_stickers_1_5_90471234_StickerSheet.cpp","start1":65,"end1":70,"start2":41,"end2":46,"tokens":12}]}