{"id1":"cao47@illinois.edu_1_01_mps","id2":"alfredh2@illinois.edu_1_01_mps","similarity":0.672566371681416,"matches":[{"file1":"cao47@illinois.edu_1_01_mps\\mp_stickers_1_15_90731814_Image.cpp","file2":"alfredh2@illinois.edu_1_01_mps\\mp_stickers_1_11_90455684_Image.cpp","start1":9,"end1":122,"start2":5,"end2":115,"tokens":213},{"file1":"cao47@illinois.edu_1_01_mps\\mp_stickers_1_15_90731814_Image.cpp","file2":"alfredh2@illinois.edu_1_01_mps\\mp_stickers_1_11_90455684_Image.cpp","start1":122,"end1":140,"start2":123,"end2":141,"tokens":44},{"file1":"cao47@illinois.edu_1_01_mps\\mp_stickers_1_15_90731814_StickerSheet.h","file2":"alfredh2@illinois.edu_1_01_mps\\mp_stickers_1_11_90455684_StickerSheet.h","start1":7,"end1":20,"start2":9,"end2":21,"tokens":28},{"file1":"cao47@illinois.edu_1_01_mps\\mp_stickers_1_15_90731814_Image.h","file2":"alfredh2@illinois.edu_1_01_mps\\mp_stickers_1_11_90455684_Image.h","start1":9,"end1":23,"start2":11,"end2":23,"tokens":21},{"file1":"cao47@illinois.edu_1_01_mps\\mp_stickers_1_15_90731814_Image.cpp","file2":"alfredh2@illinois.edu_1_01_mps\\mp_stickers_1_11_90455684_Image.cpp","start1":156,"end1":167,"start2":142,"end2":153,"tokens":17},{"file1":"cao47@illinois.edu_1_01_mps\\mp_stickers_1_15_90731814_Image.cpp","file2":"alfredh2@illinois.edu_1_01_mps\\mp_stickers_1_11_90455684_Image.cpp","start1":181,"end1":190,"start2":116,"end2":123,"tokens":17},{"file1":"cao47@illinois.edu_1_01_mps\\mp_stickers_1_15_90731814_Image.cpp","file2":"alfredh2@illinois.edu_1_01_mps\\mp_stickers_1_11_90455684_StickerSheet.cpp","start1":201,"end1":205,"start2":127,"end2":133,"tokens":14},{"file1":"cao47@illinois.edu_1_01_mps\\mp_stickers_1_15_90731814_Image.cpp","file2":"alfredh2@illinois.edu_1_01_mps\\mp_stickers_1_11_90455684_StickerSheet.cpp","start1":173,"end1":175,"start2":119,"end2":123,"tokens":13},{"file1":"cao47@illinois.edu_1_01_mps\\mp_stickers_1_15_90731814_Image.cpp","file2":"alfredh2@illinois.edu_1_01_mps\\mp_stickers_1_11_90455684_Image.cpp","start1":198,"end1":200,"start2":158,"end2":160,"tokens":13}]}