{"id1":"cao47@illinois.edu_1_01_mps","id2":"got2@illinois.edu_1_01_mps","similarity":0.6525345622119816,"matches":[{"file1":"cao47@illinois.edu_1_01_mps\\mp_stickers_1_15_90731814_Image.cpp","file2":"got2@illinois.edu_1_01_mps\\mp_stickers_1_9_90500706_Image.cpp","start1":24,"end1":35,"start2":16,"end2":26,"tokens":26},{"file1":"cao47@illinois.edu_1_01_mps\\mp_stickers_1_15_90731814_Image.cpp","file2":"got2@illinois.edu_1_01_mps\\mp_stickers_1_9_90500706_Image.cpp","start1":48,"end1":60,"start2":41,"end2":51,"tokens":26},{"file1":"cao47@illinois.edu_1_01_mps\\mp_stickers_1_15_90731814_Image.cpp","file2":"got2@illinois.edu_1_01_mps\\mp_stickers_1_9_90500706_Image.cpp","start1":75,"end1":86,"start2":88,"end2":98,"tokens":26},{"file1":"cao47@illinois.edu_1_01_mps\\mp_stickers_1_15_90731814_Image.cpp","file2":"got2@illinois.edu_1_01_mps\\mp_stickers_1_9_90500706_Image.cpp","start1":100,"end1":111,"start2":100,"end2":111,"tokens":26},{"file1":"cao47@illinois.edu_1_01_mps\\mp_stickers_1_15_90731814_Image.cpp","file2":"got2@illinois.edu_1_01_mps\\mp_stickers_1_9_90500706_Image.cpp","start1":112,"end1":124,"start2":134,"end2":144,"tokens":26},{"file1":"cao47@illinois.edu_1_01_mps\\mp_stickers_1_15_90731814_Image.cpp","file2":"got2@illinois.edu_1_01_mps\\mp_stickers_1_9_90500706_Image.cpp","start1":36,"end1":47,"start2":28,"end2":39,"tokens":25},{"file1":"cao47@illinois.edu_1_01_mps\\mp_stickers_1_15_90731814_Image.cpp","file2":"got2@illinois.edu_1_01_mps\\mp_stickers_1_9_90500706_Image.cpp","start1":61,"end1":74,"start2":53,"end2":64,"tokens":25},{"file1":"cao47@illinois.edu_1_01_mps\\mp_stickers_1_15_90731814_Image.cpp","file2":"got2@illinois.edu_1_01_mps\\mp_stickers_1_9_90500706_Image.cpp","start1":87,"end1":99,"start2":75,"end2":86,"tokens":25},{"file1":"cao47@illinois.edu_1_01_mps\\mp_stickers_1_15_90731814_Image.cpp","file2":"got2@illinois.edu_1_01_mps\\mp_stickers_1_9_90500706_Image.cpp","start1":177,"end1":190,"start2":163,"end2":172,"tokens":22},{"file1":"cao47@illinois.edu_1_01_mps\\mp_stickers_1_15_90731814_StickerSheet.h","file2":"got2@illinois.edu_1_01_mps\\mp_stickers_1_9_90500706_StickerSheet.h","start1":13,"end1":20,"start2":14,"end2":21,"tokens":18},{"file1":"cao47@illinois.edu_1_01_mps\\mp_stickers_1_15_90731814_Image.cpp","file2":"got2@illinois.edu_1_01_mps\\mp_stickers_1_9_90500706_Image.cpp","start1":133,"end1":140,"start2":125,"end2":132,"tokens":18},{"file1":"cao47@illinois.edu_1_01_mps\\mp_stickers_1_15_90731814_Image.cpp","file2":"got2@illinois.edu_1_01_mps\\mp_stickers_1_9_90500706_Image.cpp","start1":156,"end1":167,"start2":146,"end2":156,"tokens":17},{"file1":"cao47@illinois.edu_1_01_mps\\mp_stickers_1_15_90731814_Image.h","file2":"got2@illinois.edu_1_01_mps\\mp_stickers_1_9_90500706_Image.h","start1":9,"end1":20,"start2":10,"end2":19,"tokens":16},{"file1":"cao47@illinois.edu_1_01_mps\\mp_stickers_1_15_90731814_Image.cpp","file2":"got2@illinois.edu_1_01_mps\\mp_stickers_1_9_90500706_Image.cpp","start1":19,"end1":23,"start2":69,"end2":73,"tokens":15},{"file1":"cao47@illinois.edu_1_01_mps\\mp_stickers_1_15_90731814_Image.cpp","file2":"got2@illinois.edu_1_01_mps\\mp_stickers_1_9_90500706_Image.cpp","start1":173,"end1":176,"start2":12,"end2":15,"tokens":15},{"file1":"cao47@illinois.edu_1_01_mps\\mp_stickers_1_15_90731814_Image.cpp","file2":"got2@illinois.edu_1_01_mps\\mp_stickers_1_9_90500706_Image.cpp","start1":197,"end1":200,"start2":157,"end2":162,"tokens":15},{"file1":"cao47@illinois.edu_1_01_mps\\mp_stickers_1_15_90731814_Image.cpp","file2":"got2@illinois.edu_1_01_mps\\mp_stickers_1_9_90500706_StickerSheet.cpp","start1":204,"end1":206,"start2":96,"end2":98,"tokens":13}]}