{"id1":"cao47@illinois.edu_1_01_mps","id2":"jrs11@illinois.edu_1_01_mps","similarity":0.6624888093106536,"matches":[{"file1":"cao47@illinois.edu_1_01_mps\\mp_stickers_1_15_90731814_Image.cpp","file2":"jrs11@illinois.edu_1_01_mps\\mp_stickers_1_2_90280669_Image.cpp","start1":19,"end1":122,"start2":10,"end2":108,"tokens":206},{"file1":"cao47@illinois.edu_1_01_mps\\mp_stickers_1_15_90731814_StickerSheet.h","file2":"jrs11@illinois.edu_1_01_mps\\mp_stickers_1_2_90280669_StickerSheet.h","start1":7,"end1":20,"start2":9,"end2":21,"tokens":28},{"file1":"cao47@illinois.edu_1_01_mps\\mp_stickers_1_15_90731814_Image.cpp","file2":"jrs11@illinois.edu_1_01_mps\\mp_stickers_1_2_90280669_Image.cpp","start1":181,"end1":194,"start2":155,"end2":165,"tokens":21},{"file1":"cao47@illinois.edu_1_01_mps\\mp_stickers_1_15_90731814_Image.h","file2":"jrs11@illinois.edu_1_01_mps\\mp_stickers_1_2_90280669_Image.h","start1":9,"end1":23,"start2":10,"end2":23,"tokens":21},{"file1":"cao47@illinois.edu_1_01_mps\\mp_stickers_1_15_90731814_Image.cpp","file2":"jrs11@illinois.edu_1_01_mps\\mp_stickers_1_2_90280669_Image.cpp","start1":131,"end1":140,"start2":122,"end2":131,"tokens":20},{"file1":"cao47@illinois.edu_1_01_mps\\mp_stickers_1_15_90731814_Image.cpp","file2":"jrs11@illinois.edu_1_01_mps\\mp_stickers_1_2_90280669_StickerSheet.cpp","start1":201,"end1":208,"start2":96,"end2":107,"tokens":17},{"file1":"cao47@illinois.edu_1_01_mps\\mp_stickers_1_15_90731814_Image.cpp","file2":"jrs11@illinois.edu_1_01_mps\\mp_stickers_1_2_90280669_StickerSheet.cpp","start1":123,"end1":127,"start2":127,"end2":131,"tokens":16},{"file1":"cao47@illinois.edu_1_01_mps\\mp_stickers_1_15_90731814_Image.cpp","file2":"jrs11@illinois.edu_1_01_mps\\mp_stickers_1_2_90280669_Image.cpp","start1":156,"end1":166,"start2":132,"end2":141,"tokens":14},{"file1":"cao47@illinois.edu_1_01_mps\\mp_stickers_1_15_90731814_Image.cpp","file2":"jrs11@illinois.edu_1_01_mps\\mp_stickers_1_2_90280669_Image.cpp","start1":173,"end1":176,"start2":185,"end2":190,"tokens":14},{"file1":"cao47@illinois.edu_1_01_mps\\mp_stickers_1_15_90731814_Image.cpp","file2":"jrs11@illinois.edu_1_01_mps\\mp_stickers_1_2_90280669_StickerSheet.cpp","start1":198,"end1":200,"start2":110,"end2":112,"tokens":13}]}