{"id1":"cao47@illinois.edu_1_01_mps","id2":"vk16@illinois.edu_1_01_mps","similarity":0.6809302325581396,"matches":[{"file1":"cao47@illinois.edu_1_01_mps\\mp_stickers_1_15_90731814_Image.cpp","file2":"vk16@illinois.edu_1_01_mps\\mp_stickers_1_2_90342944_Image.cpp","start1":9,"end1":122,"start2":4,"end2":106,"tokens":213},{"file1":"cao47@illinois.edu_1_01_mps\\mp_stickers_1_15_90731814_Image.cpp","file2":"vk16@illinois.edu_1_01_mps\\mp_stickers_1_2_90342944_Image.cpp","start1":122,"end1":141,"start2":114,"end2":131,"tokens":45},{"file1":"cao47@illinois.edu_1_01_mps\\mp_stickers_1_15_90731814_StickerSheet.h","file2":"vk16@illinois.edu_1_01_mps\\mp_stickers_1_2_90342944_StickerSheet.h","start1":8,"end1":21,"start2":25,"end2":37,"tokens":27},{"file1":"cao47@illinois.edu_1_01_mps\\mp_stickers_1_15_90731814_Image.h","file2":"vk16@illinois.edu_1_01_mps\\mp_stickers_1_2_90342944_Image.h","start1":9,"end1":23,"start2":13,"end2":31,"tokens":21},{"file1":"cao47@illinois.edu_1_01_mps\\mp_stickers_1_15_90731814_Image.cpp","file2":"vk16@illinois.edu_1_01_mps\\mp_stickers_1_2_90342944_Image.cpp","start1":181,"end1":190,"start2":107,"end2":114,"tokens":17},{"file1":"cao47@illinois.edu_1_01_mps\\mp_stickers_1_15_90731814_Image.cpp","file2":"vk16@illinois.edu_1_01_mps\\mp_stickers_1_2_90342944_Image.cpp","start1":204,"end1":210,"start2":146,"end2":151,"tokens":16},{"file1":"cao47@illinois.edu_1_01_mps\\mp_stickers_1_15_90731814_Image.cpp","file2":"vk16@illinois.edu_1_01_mps\\mp_stickers_1_2_90342944_Image.cpp","start1":156,"end1":166,"start2":133,"end2":142,"tokens":14},{"file1":"cao47@illinois.edu_1_01_mps\\mp_stickers_1_15_90731814_Image.cpp","file2":"vk16@illinois.edu_1_01_mps\\mp_stickers_1_2_90342944_StickerSheet.cpp","start1":174,"end1":176,"start2":95,"end2":97,"tokens":13}]}