{"id1":"cyu62@illinois.edu_1_01_mps","id2":"handojo3@illinois.edu_1_01_mps","similarity":0.6553945249597424,"matches":[{"file1":"cyu62@illinois.edu_1_01_mps\\mp_stickers_1_11_90569677_Image.cpp","file2":"handojo3@illinois.edu_1_01_mps\\mp_stickers_1_3_90264683_Image.cpp","start1":60,"end1":131,"start2":50,"end2":116,"tokens":138},{"file1":"cyu62@illinois.edu_1_01_mps\\mp_stickers_1_11_90569677_Image.h","file2":"handojo3@illinois.edu_1_01_mps\\mp_stickers_1_3_90264683_Image.h","start1":10,"end1":34,"start2":15,"end2":32,"tokens":30},{"file1":"cyu62@illinois.edu_1_01_mps\\mp_stickers_1_11_90569677_Image.cpp","file2":"handojo3@illinois.edu_1_01_mps\\mp_stickers_1_3_90264683_Image.cpp","start1":18,"end1":33,"start2":11,"end2":23,"tokens":28},{"file1":"cyu62@illinois.edu_1_01_mps\\mp_stickers_1_11_90569677_Image.cpp","file2":"handojo3@illinois.edu_1_01_mps\\mp_stickers_1_3_90264683_Image.cpp","start1":134,"end1":148,"start2":37,"end2":49,"tokens":28},{"file1":"cyu62@illinois.edu_1_01_mps\\mp_stickers_1_11_90569677_StickerSheet.h","file2":"handojo3@illinois.edu_1_01_mps\\mp_stickers_1_3_90264683_StickerSheet.h","start1":9,"end1":21,"start2":15,"end2":27,"tokens":27},{"file1":"cyu62@illinois.edu_1_01_mps\\mp_stickers_1_11_90569677_Image.cpp","file2":"handojo3@illinois.edu_1_01_mps\\mp_stickers_1_3_90264683_Image.cpp","start1":34,"end1":47,"start2":25,"end2":36,"tokens":26},{"file1":"cyu62@illinois.edu_1_01_mps\\mp_stickers_1_11_90569677_StickerSheet.cpp","file2":"handojo3@illinois.edu_1_01_mps\\mp_stickers_1_3_90264683_StickerSheet.cpp","start1":59,"end1":77,"start2":71,"end2":95,"tokens":26},{"file1":"cyu62@illinois.edu_1_01_mps\\mp_stickers_1_11_90569677_Image.cpp","file2":"handojo3@illinois.edu_1_01_mps\\mp_stickers_1_3_90264683_Image.cpp","start1":5,"end1":17,"start2":3,"end2":9,"tokens":22},{"file1":"cyu62@illinois.edu_1_01_mps\\mp_stickers_1_11_90569677_Image.cpp","file2":"handojo3@illinois.edu_1_01_mps\\mp_stickers_1_3_90264683_Image.cpp","start1":149,"end1":162,"start2":122,"end2":140,"tokens":21},{"file1":"cyu62@illinois.edu_1_01_mps\\mp_stickers_1_11_90569677_Image.cpp","file2":"handojo3@illinois.edu_1_01_mps\\mp_stickers_1_3_90264683_Image.cpp","start1":165,"end1":172,"start2":163,"end2":170,"tokens":19},{"file1":"cyu62@illinois.edu_1_01_mps\\mp_stickers_1_11_90569677_StickerSheet.cpp","file2":"handojo3@illinois.edu_1_01_mps\\mp_stickers_1_3_90264683_StickerSheet.cpp","start1":90,"end1":94,"start2":139,"end2":143,"tokens":15},{"file1":"cyu62@illinois.edu_1_01_mps\\mp_stickers_1_11_90569677_Image.cpp","file2":"handojo3@illinois.edu_1_01_mps\\mp_stickers_1_3_90264683_Image.cpp","start1":57,"end1":59,"start2":116,"end2":118,"tokens":14},{"file1":"cyu62@illinois.edu_1_01_mps\\mp_stickers_1_11_90569677_Image.cpp","file2":"handojo3@illinois.edu_1_01_mps\\mp_stickers_1_3_90264683_Image.cpp","start1":131,"end1":133,"start2":140,"end2":142,"tokens":13}]}