{"id1":"dberger3@illinois.edu_1_01_mps","id2":"arnavj6@illinois.edu_1_01_mps","similarity":0.6711915535444947,"matches":[{"file1":"dberger3@illinois.edu_1_01_mps\\mp_stickers_1_1_90507387_StickerSheet.cpp","file2":"arnavj6@illinois.edu_1_01_mps\\mp_stickers_1_4_90492089_StickerSheet.cpp","start1":62,"end1":86,"start2":58,"end2":82,"tokens":46},{"file1":"dberger3@illinois.edu_1_01_mps\\mp_stickers_1_1_90507387_StickerSheet.cpp","file2":"arnavj6@illinois.edu_1_01_mps\\mp_stickers_1_4_90492089_StickerSheet.cpp","start1":131,"end1":158,"start2":138,"end2":165,"tokens":40},{"file1":"dberger3@illinois.edu_1_01_mps\\mp_stickers_1_1_90507387_Image.cpp","file2":"arnavj6@illinois.edu_1_01_mps\\mp_stickers_1_4_90492089_Image.cpp","start1":96,"end1":118,"start2":117,"end2":138,"tokens":39},{"file1":"dberger3@illinois.edu_1_01_mps\\mp_stickers_1_1_90507387_Image.cpp","file2":"arnavj6@illinois.edu_1_01_mps\\mp_stickers_1_4_90492089_Image.cpp","start1":136,"end1":159,"start2":146,"end2":170,"tokens":39},{"file1":"dberger3@illinois.edu_1_01_mps\\mp_stickers_1_1_90507387_StickerSheet.cpp","file2":"arnavj6@illinois.edu_1_01_mps\\mp_stickers_1_4_90492089_StickerSheet.cpp","start1":23,"end1":38,"start2":7,"end2":22,"tokens":29},{"file1":"dberger3@illinois.edu_1_01_mps\\mp_stickers_1_1_90507387_Image.cpp","file2":"arnavj6@illinois.edu_1_01_mps\\mp_stickers_1_4_90492089_Image.cpp","start1":8,"end1":18,"start2":17,"end2":26,"tokens":25},{"file1":"dberger3@illinois.edu_1_01_mps\\mp_stickers_1_1_90507387_Image.cpp","file2":"arnavj6@illinois.edu_1_01_mps\\mp_stickers_1_4_90492089_Image.cpp","start1":30,"end1":40,"start2":43,"end2":52,"tokens":25},{"file1":"dberger3@illinois.edu_1_01_mps\\mp_stickers_1_1_90507387_Image.cpp","file2":"arnavj6@illinois.edu_1_01_mps\\mp_stickers_1_4_90492089_Image.cpp","start1":46,"end1":57,"start2":28,"end2":38,"tokens":25},{"file1":"dberger3@illinois.edu_1_01_mps\\mp_stickers_1_1_90507387_Image.cpp","file2":"arnavj6@illinois.edu_1_01_mps\\mp_stickers_1_4_90492089_Image.cpp","start1":80,"end1":90,"start2":69,"end2":78,"tokens":25},{"file1":"dberger3@illinois.edu_1_01_mps\\mp_stickers_1_1_90507387_Image.cpp","file2":"arnavj6@illinois.edu_1_01_mps\\mp_stickers_1_4_90492089_Image.cpp","start1":120,"end1":130,"start2":95,"end2":104,"tokens":25},{"file1":"dberger3@illinois.edu_1_01_mps\\mp_stickers_1_1_90507387_Image.cpp","file2":"arnavj6@illinois.edu_1_01_mps\\mp_stickers_1_4_90492089_Image.cpp","start1":58,"end1":68,"start2":54,"end2":63,"tokens":24},{"file1":"dberger3@illinois.edu_1_01_mps\\mp_stickers_1_1_90507387_StickerSheet.cpp","file2":"arnavj6@illinois.edu_1_01_mps\\mp_stickers_1_4_90492089_StickerSheet.cpp","start1":118,"end1":130,"start2":120,"end2":132,"tokens":19},{"file1":"dberger3@illinois.edu_1_01_mps\\mp_stickers_1_1_90507387_StickerSheet.cpp","file2":"arnavj6@illinois.edu_1_01_mps\\mp_stickers_1_4_90492089_StickerSheet.cpp","start1":8,"end1":17,"start2":34,"end2":42,"tokens":18},{"file1":"dberger3@illinois.edu_1_01_mps\\mp_stickers_1_1_90507387_Image.cpp","file2":"arnavj6@illinois.edu_1_01_mps\\mp_stickers_1_4_90492089_Image.cpp","start1":165,"end1":170,"start2":8,"end2":12,"tokens":15},{"file1":"dberger3@illinois.edu_1_01_mps\\mp_stickers_1_1_90507387_StickerSheet.cpp","file2":"arnavj6@illinois.edu_1_01_mps\\mp_stickers_1_4_90492089_StickerSheet.cpp","start1":50,"end1":55,"start2":169,"end2":174,"tokens":14},{"file1":"dberger3@illinois.edu_1_01_mps\\mp_stickers_1_1_90507387_StickerSheet.h","file2":"arnavj6@illinois.edu_1_01_mps\\mp_stickers_1_4_90492089_StickerSheet.h","start1":21,"end1":33,"start2":23,"end2":33,"tokens":13},{"file1":"dberger3@illinois.edu_1_01_mps\\mp_stickers_1_1_90507387_Image.h","file2":"arnavj6@illinois.edu_1_01_mps\\mp_stickers_1_4_90492089_Image.h","start1":15,"end1":23,"start2":12,"end2":19,"tokens":12},{"file1":"dberger3@illinois.edu_1_01_mps\\mp_stickers_1_1_90507387_StickerSheet.cpp","file2":"arnavj6@illinois.edu_1_01_mps\\mp_stickers_1_4_90492089_StickerSheet.cpp","start1":110,"end1":117,"start2":50,"end2":57,"tokens":12}]}