{"id1":"dberger3@illinois.edu_1_01_mps","id2":"dtyagi3@illinois.edu_1_01_mps","similarity":0.6869888475836431,"matches":[{"file1":"dberger3@illinois.edu_1_01_mps\\mp_stickers_1_1_90507387_Image.cpp","file2":"dtyagi3@illinois.edu_1_01_mps\\mp_stickers_1_6_90485699_Image.cpp","start1":133,"end1":176,"start2":131,"end2":176,"tokens":69},{"file1":"dberger3@illinois.edu_1_01_mps\\mp_stickers_1_1_90507387_StickerSheet.cpp","file2":"dtyagi3@illinois.edu_1_01_mps\\mp_stickers_1_6_90485699_StickerSheet.cpp","start1":62,"end1":86,"start2":65,"end2":88,"tokens":46},{"file1":"dberger3@illinois.edu_1_01_mps\\mp_stickers_1_1_90507387_StickerSheet.cpp","file2":"dtyagi3@illinois.edu_1_01_mps\\mp_stickers_1_6_90485699_StickerSheet.cpp","start1":23,"end1":48,"start2":7,"end2":31,"tokens":43},{"file1":"dberger3@illinois.edu_1_01_mps\\mp_stickers_1_1_90507387_StickerSheet.cpp","file2":"dtyagi3@illinois.edu_1_01_mps\\mp_stickers_1_6_90485699_StickerSheet.cpp","start1":131,"end1":156,"start2":146,"end2":170,"tokens":39},{"file1":"dberger3@illinois.edu_1_01_mps\\mp_stickers_1_1_90507387_Image.cpp","file2":"dtyagi3@illinois.edu_1_01_mps\\mp_stickers_1_6_90485699_Image.cpp","start1":96,"end1":111,"start2":117,"end2":131,"tokens":31},{"file1":"dberger3@illinois.edu_1_01_mps\\mp_stickers_1_1_90507387_Image.cpp","file2":"dtyagi3@illinois.edu_1_01_mps\\mp_stickers_1_6_90485699_Image.cpp","start1":8,"end1":18,"start2":17,"end2":26,"tokens":25},{"file1":"dberger3@illinois.edu_1_01_mps\\mp_stickers_1_1_90507387_Image.cpp","file2":"dtyagi3@illinois.edu_1_01_mps\\mp_stickers_1_6_90485699_Image.cpp","start1":30,"end1":40,"start2":43,"end2":52,"tokens":25},{"file1":"dberger3@illinois.edu_1_01_mps\\mp_stickers_1_1_90507387_Image.cpp","file2":"dtyagi3@illinois.edu_1_01_mps\\mp_stickers_1_6_90485699_Image.cpp","start1":46,"end1":57,"start2":28,"end2":38,"tokens":25},{"file1":"dberger3@illinois.edu_1_01_mps\\mp_stickers_1_1_90507387_Image.cpp","file2":"dtyagi3@illinois.edu_1_01_mps\\mp_stickers_1_6_90485699_Image.cpp","start1":80,"end1":90,"start2":69,"end2":78,"tokens":25},{"file1":"dberger3@illinois.edu_1_01_mps\\mp_stickers_1_1_90507387_Image.cpp","file2":"dtyagi3@illinois.edu_1_01_mps\\mp_stickers_1_6_90485699_Image.cpp","start1":120,"end1":130,"start2":95,"end2":104,"tokens":25},{"file1":"dberger3@illinois.edu_1_01_mps\\mp_stickers_1_1_90507387_Image.cpp","file2":"dtyagi3@illinois.edu_1_01_mps\\mp_stickers_1_6_90485699_Image.cpp","start1":58,"end1":68,"start2":54,"end2":63,"tokens":24},{"file1":"dberger3@illinois.edu_1_01_mps\\mp_stickers_1_1_90507387_StickerSheet.cpp","file2":"dtyagi3@illinois.edu_1_01_mps\\mp_stickers_1_6_90485699_StickerSheet.cpp","start1":118,"end1":130,"start2":128,"end2":140,"tokens":19},{"file1":"dberger3@illinois.edu_1_01_mps\\mp_stickers_1_1_90507387_StickerSheet.cpp","file2":"dtyagi3@illinois.edu_1_01_mps\\mp_stickers_1_6_90485699_StickerSheet.cpp","start1":8,"end1":17,"start2":33,"end2":41,"tokens":18},{"file1":"dberger3@illinois.edu_1_01_mps\\mp_stickers_1_1_90507387_StickerSheet.cpp","file2":"dtyagi3@illinois.edu_1_01_mps\\mp_stickers_1_6_90485699_StickerSheet.cpp","start1":50,"end1":61,"start2":108,"end2":118,"tokens":18},{"file1":"dberger3@illinois.edu_1_01_mps\\mp_stickers_1_1_90507387_StickerSheet.cpp","file2":"dtyagi3@illinois.edu_1_01_mps\\mp_stickers_1_6_90485699_StickerSheet.cpp","start1":105,"end1":117,"start2":52,"end2":64,"tokens":18},{"file1":"dberger3@illinois.edu_1_01_mps\\mp_stickers_1_1_90507387_Image.h","file2":"dtyagi3@illinois.edu_1_01_mps\\mp_stickers_1_6_90485699_Image.h","start1":15,"end1":23,"start2":14,"end2":23,"tokens":12}]}