{"id1":"dberger3@illinois.edu_1_01_mps","id2":"nwong27@illinois.edu_1_01_mps","similarity":0.7079910380881255,"matches":[{"file1":"dberger3@illinois.edu_1_01_mps\\mp_stickers_1_1_90507387_Image.cpp","file2":"nwong27@illinois.edu_1_01_mps\\mp_stickers_1_1_88778591_Image.cpp","start1":30,"end1":62,"start2":124,"end2":154,"tokens":61},{"file1":"dberger3@illinois.edu_1_01_mps\\mp_stickers_1_1_90507387_Image.cpp","file2":"nwong27@illinois.edu_1_01_mps\\mp_stickers_1_1_88778591_Image.cpp","start1":82,"end1":107,"start2":7,"end2":30,"tokens":55},{"file1":"dberger3@illinois.edu_1_01_mps\\mp_stickers_1_1_90507387_StickerSheet.cpp","file2":"nwong27@illinois.edu_1_01_mps\\mp_stickers_1_1_88778591_StickerSheet.cpp","start1":62,"end1":86,"start2":57,"end2":79,"tokens":46},{"file1":"dberger3@illinois.edu_1_01_mps\\mp_stickers_1_1_90507387_StickerSheet.cpp","file2":"nwong27@illinois.edu_1_01_mps\\mp_stickers_1_1_88778591_StickerSheet.cpp","start1":23,"end1":48,"start2":7,"end2":31,"tokens":43},{"file1":"dberger3@illinois.edu_1_01_mps\\mp_stickers_1_1_90507387_Image.cpp","file2":"nwong27@illinois.edu_1_01_mps\\mp_stickers_1_1_88778591_Image.cpp","start1":122,"end1":142,"start2":41,"end2":60,"tokens":41},{"file1":"dberger3@illinois.edu_1_01_mps\\mp_stickers_1_1_90507387_StickerSheet.cpp","file2":"nwong27@illinois.edu_1_01_mps\\mp_stickers_1_1_88778591_StickerSheet.cpp","start1":131,"end1":156,"start2":137,"end2":161,"tokens":39},{"file1":"dberger3@illinois.edu_1_01_mps\\mp_stickers_1_1_90507387_Image.cpp","file2":"nwong27@illinois.edu_1_01_mps\\mp_stickers_1_1_88778591_Image.cpp","start1":8,"end1":28,"start2":90,"end2":109,"tokens":37},{"file1":"dberger3@illinois.edu_1_01_mps\\mp_stickers_1_1_90507387_Image.cpp","file2":"nwong27@illinois.edu_1_01_mps\\mp_stickers_1_1_88778591_Image.cpp","start1":62,"end1":78,"start2":171,"end2":186,"tokens":32},{"file1":"dberger3@illinois.edu_1_01_mps\\mp_stickers_1_1_90507387_StickerSheet.cpp","file2":"nwong27@illinois.edu_1_01_mps\\mp_stickers_1_1_88778591_StickerSheet.cpp","start1":118,"end1":130,"start2":119,"end2":131,"tokens":19},{"file1":"dberger3@illinois.edu_1_01_mps\\mp_stickers_1_1_90507387_StickerSheet.cpp","file2":"nwong27@illinois.edu_1_01_mps\\mp_stickers_1_1_88778591_StickerSheet.cpp","start1":8,"end1":17,"start2":33,"end2":41,"tokens":18},{"file1":"dberger3@illinois.edu_1_01_mps\\mp_stickers_1_1_90507387_StickerSheet.cpp","file2":"nwong27@illinois.edu_1_01_mps\\mp_stickers_1_1_88778591_StickerSheet.cpp","start1":50,"end1":61,"start2":99,"end2":109,"tokens":18},{"file1":"dberger3@illinois.edu_1_01_mps\\mp_stickers_1_1_90507387_Image.cpp","file2":"nwong27@illinois.edu_1_01_mps\\mp_stickers_1_1_88778591_Image.cpp","start1":165,"end1":170,"start2":77,"end2":81,"tokens":15},{"file1":"dberger3@illinois.edu_1_01_mps\\mp_stickers_1_1_90507387_Image.cpp","file2":"nwong27@illinois.edu_1_01_mps\\mp_stickers_1_1_88778591_Image.cpp","start1":148,"end1":151,"start2":61,"end2":64,"tokens":14},{"file1":"dberger3@illinois.edu_1_01_mps\\mp_stickers_1_1_90507387_Image.h","file2":"nwong27@illinois.edu_1_01_mps\\mp_stickers_1_1_88778591_Image.h","start1":15,"end1":23,"start2":11,"end2":18,"tokens":12},{"file1":"dberger3@illinois.edu_1_01_mps\\mp_stickers_1_1_90507387_StickerSheet.cpp","file2":"nwong27@illinois.edu_1_01_mps\\mp_stickers_1_1_88778591_StickerSheet.cpp","start1":110,"end1":117,"start2":49,"end2":56,"tokens":12},{"file1":"dberger3@illinois.edu_1_01_mps\\mp_stickers_1_1_90507387_Image.cpp","file2":"nwong27@illinois.edu_1_01_mps\\mp_stickers_1_1_88778591_Image.cpp","start1":108,"end1":118,"start2":161,"end2":171,"tokens":12}]}