{"id1":"dberger3@illinois.edu_1_01_mps","id2":"zpei4@illinois.edu_1_01_mps","similarity":0.691285081240768,"matches":[{"file1":"dberger3@illinois.edu_1_01_mps\\mp_stickers_1_1_90507387_Image.cpp","file2":"zpei4@illinois.edu_1_01_mps\\mp_stickers_1_2_89522955_Image.cpp","start1":136,"end1":176,"start2":159,"end2":197,"tokens":66},{"file1":"dberger3@illinois.edu_1_01_mps\\mp_stickers_1_1_90507387_Image.cpp","file2":"zpei4@illinois.edu_1_01_mps\\mp_stickers_1_2_89522955_Image.cpp","start1":30,"end1":57,"start2":66,"end2":91,"tokens":57},{"file1":"dberger3@illinois.edu_1_01_mps\\mp_stickers_1_1_90507387_StickerSheet.cpp","file2":"zpei4@illinois.edu_1_01_mps\\mp_stickers_1_2_89522955_StickerSheet.cpp","start1":62,"end1":86,"start2":45,"end2":68,"tokens":46},{"file1":"dberger3@illinois.edu_1_01_mps\\mp_stickers_1_1_90507387_Image.cpp","file2":"zpei4@illinois.edu_1_01_mps\\mp_stickers_1_2_89522955_Image.cpp","start1":93,"end1":118,"start2":14,"end2":39,"tokens":42},{"file1":"dberger3@illinois.edu_1_01_mps\\mp_stickers_1_1_90507387_StickerSheet.cpp","file2":"zpei4@illinois.edu_1_01_mps\\mp_stickers_1_2_89522955_StickerSheet.cpp","start1":131,"end1":156,"start2":126,"end2":150,"tokens":39},{"file1":"dberger3@illinois.edu_1_01_mps\\mp_stickers_1_1_90507387_Image.cpp","file2":"zpei4@illinois.edu_1_01_mps\\mp_stickers_1_2_89522955_Image.cpp","start1":10,"end1":25,"start2":51,"end2":65,"tokens":31},{"file1":"dberger3@illinois.edu_1_01_mps\\mp_stickers_1_1_90507387_StickerSheet.cpp","file2":"zpei4@illinois.edu_1_01_mps\\mp_stickers_1_2_89522955_StickerSheet.cpp","start1":21,"end1":36,"start2":10,"end2":25,"tokens":28},{"file1":"dberger3@illinois.edu_1_01_mps\\mp_stickers_1_1_90507387_Image.cpp","file2":"zpei4@illinois.edu_1_01_mps\\mp_stickers_1_2_89522955_Image.cpp","start1":62,"end1":71,"start2":5,"end2":14,"tokens":26},{"file1":"dberger3@illinois.edu_1_01_mps\\mp_stickers_1_1_90507387_Image.cpp","file2":"zpei4@illinois.edu_1_01_mps\\mp_stickers_1_2_89522955_Image.cpp","start1":80,"end1":90,"start2":96,"end2":105,"tokens":25},{"file1":"dberger3@illinois.edu_1_01_mps\\mp_stickers_1_1_90507387_Image.cpp","file2":"zpei4@illinois.edu_1_01_mps\\mp_stickers_1_2_89522955_Image.cpp","start1":120,"end1":130,"start2":122,"end2":131,"tokens":25},{"file1":"dberger3@illinois.edu_1_01_mps\\mp_stickers_1_1_90507387_StickerSheet.cpp","file2":"zpei4@illinois.edu_1_01_mps\\mp_stickers_1_2_89522955_StickerSheet.cpp","start1":118,"end1":130,"start2":108,"end2":120,"tokens":19},{"file1":"dberger3@illinois.edu_1_01_mps\\mp_stickers_1_1_90507387_StickerSheet.cpp","file2":"zpei4@illinois.edu_1_01_mps\\mp_stickers_1_2_89522955_StickerSheet.cpp","start1":8,"end1":17,"start2":163,"end2":171,"tokens":18},{"file1":"dberger3@illinois.edu_1_01_mps\\mp_stickers_1_1_90507387_StickerSheet.cpp","file2":"zpei4@illinois.edu_1_01_mps\\mp_stickers_1_2_89522955_StickerSheet.cpp","start1":50,"end1":61,"start2":88,"end2":98,"tokens":18},{"file1":"dberger3@illinois.edu_1_01_mps\\mp_stickers_1_1_90507387_StickerSheet.cpp","file2":"zpei4@illinois.edu_1_01_mps\\mp_stickers_1_2_89522955_StickerSheet.cpp","start1":38,"end1":48,"start2":152,"end2":161,"tokens":16},{"file1":"dberger3@illinois.edu_1_01_mps\\mp_stickers_1_1_90507387_StickerSheet.cpp","file2":"zpei4@illinois.edu_1_01_mps\\mp_stickers_1_2_89522955_StickerSheet.cpp","start1":110,"end1":117,"start2":37,"end2":44,"tokens":12}]}