{"id1":"dtyagi3@illinois.edu_1_01_mps","id2":"zpei4@illinois.edu_1_01_mps","similarity":0.9067035245335177,"matches":[{"file1":"dtyagi3@illinois.edu_1_01_mps\\mp_stickers_1_6_90485699_StickerSheet.cpp","file2":"zpei4@illinois.edu_1_01_mps\\mp_stickers_1_2_89522955_StickerSheet.cpp","start1":57,"end1":170,"start2":37,"end2":150,"tokens":186},{"file1":"dtyagi3@illinois.edu_1_01_mps\\mp_stickers_1_6_90485699_Image.cpp","file2":"zpei4@illinois.edu_1_01_mps\\mp_stickers_1_2_89522955_Image.cpp","start1":28,"end1":110,"start2":81,"end2":163,"tokens":181},{"file1":"dtyagi3@illinois.edu_1_01_mps\\mp_stickers_1_6_90485699_Image.cpp","file2":"zpei4@illinois.edu_1_01_mps\\mp_stickers_1_2_89522955_Image.cpp","start1":138,"end1":176,"start2":163,"end2":197,"tokens":62},{"file1":"dtyagi3@illinois.edu_1_01_mps\\mp_stickers_1_6_90485699_Image.cpp","file2":"zpei4@illinois.edu_1_01_mps\\mp_stickers_1_2_89522955_Image.cpp","start1":117,"end1":138,"start2":17,"end2":39,"tokens":38},{"file1":"dtyagi3@illinois.edu_1_01_mps\\mp_stickers_1_6_90485699_StickerSheet.cpp","file2":"zpei4@illinois.edu_1_01_mps\\mp_stickers_1_2_89522955_StickerSheet.cpp","start1":22,"end1":41,"start2":152,"end2":171,"tokens":34},{"file1":"dtyagi3@illinois.edu_1_01_mps\\mp_stickers_1_6_90485699_Image.cpp","file2":"zpei4@illinois.edu_1_01_mps\\mp_stickers_1_2_89522955_Image.cpp","start1":15,"end1":26,"start2":64,"end2":75,"tokens":27},{"file1":"dtyagi3@illinois.edu_1_01_mps\\mp_stickers_1_6_90485699_StickerSheet.cpp","file2":"zpei4@illinois.edu_1_01_mps\\mp_stickers_1_2_89522955_StickerSheet.cpp","start1":7,"end1":20,"start2":12,"end2":25,"tokens":27},{"file1":"dtyagi3@illinois.edu_1_01_mps\\mp_stickers_1_6_90485699_Image.cpp","file2":"zpei4@illinois.edu_1_01_mps\\mp_stickers_1_2_89522955_Image.cpp","start1":6,"end1":13,"start2":51,"end2":58,"tokens":23},{"file1":"dtyagi3@illinois.edu_1_01_mps\\mp_stickers_1_6_90485699_Image.cpp","file2":"zpei4@illinois.edu_1_01_mps\\mp_stickers_1_2_89522955_Image.cpp","start1":178,"end1":184,"start2":5,"end2":11,"tokens":22},{"file1":"dtyagi3@illinois.edu_1_01_mps\\mp_stickers_1_6_90485699_Image.cpp","file2":"zpei4@illinois.edu_1_01_mps\\mp_stickers_1_2_89522955_Image.cpp","start1":110,"end1":116,"start2":39,"end2":46,"tokens":21},{"file1":"dtyagi3@illinois.edu_1_01_mps\\mp_stickers_1_6_90485699_StickerSheet.h","file2":"zpei4@illinois.edu_1_01_mps\\mp_stickers_1_2_89522955_StickerSheet.h","start1":10,"end1":19,"start2":11,"end2":20,"tokens":20},{"file1":"dtyagi3@illinois.edu_1_01_mps\\mp_stickers_1_6_90485699_Image.h","file2":"zpei4@illinois.edu_1_01_mps\\mp_stickers_1_2_89522955_Image.h","start1":20,"end1":29,"start2":18,"end2":27,"tokens":15}]}