{"id1":"elshank2@illinois.edu_1_01_mps","id2":"zpei4@illinois.edu_1_01_mps","similarity":0.6652920962199312,"matches":[{"file1":"elshank2@illinois.edu_1_01_mps\\mp_stickers_1_3_90420572_StickerSheet.cpp","file2":"zpei4@illinois.edu_1_01_mps\\mp_stickers_1_2_89522955_StickerSheet.cpp","start1":73,"end1":96,"start2":59,"end2":81,"tokens":42},{"file1":"elshank2@illinois.edu_1_01_mps\\mp_stickers_1_3_90420572_Image.cpp","file2":"zpei4@illinois.edu_1_01_mps\\mp_stickers_1_2_89522955_Image.cpp","start1":162,"end1":178,"start2":54,"end2":70,"tokens":34},{"file1":"elshank2@illinois.edu_1_01_mps\\mp_stickers_1_3_90420572_Image.cpp","file2":"zpei4@illinois.edu_1_01_mps\\mp_stickers_1_2_89522955_Image.cpp","start1":179,"end1":197,"start2":165,"end2":181,"tokens":33},{"file1":"elshank2@illinois.edu_1_01_mps\\mp_stickers_1_3_90420572_StickerSheet.cpp","file2":"zpei4@illinois.edu_1_01_mps\\mp_stickers_1_2_89522955_StickerSheet.cpp","start1":162,"end1":179,"start2":133,"end2":150,"tokens":27},{"file1":"elshank2@illinois.edu_1_01_mps\\mp_stickers_1_3_90420572_Image.cpp","file2":"zpei4@illinois.edu_1_01_mps\\mp_stickers_1_2_89522955_Image.cpp","start1":34,"end1":48,"start2":71,"end2":85,"tokens":27},{"file1":"elshank2@illinois.edu_1_01_mps\\mp_stickers_1_3_90420572_Image.cpp","file2":"zpei4@illinois.edu_1_01_mps\\mp_stickers_1_2_89522955_Image.cpp","start1":132,"end1":146,"start2":25,"end2":39,"tokens":27},{"file1":"elshank2@illinois.edu_1_01_mps\\mp_stickers_1_3_90420572_Image.cpp","file2":"zpei4@illinois.edu_1_01_mps\\mp_stickers_1_2_89522955_Image.cpp","start1":203,"end1":220,"start2":183,"end2":197,"tokens":27},{"file1":"elshank2@illinois.edu_1_01_mps\\mp_stickers_1_3_90420572_Image.cpp","file2":"zpei4@illinois.edu_1_01_mps\\mp_stickers_1_2_89522955_Image.cpp","start1":88,"end1":101,"start2":8,"end2":21,"tokens":25},{"file1":"elshank2@illinois.edu_1_01_mps\\mp_stickers_1_3_90420572_StickerSheet.cpp","file2":"zpei4@illinois.edu_1_01_mps\\mp_stickers_1_2_89522955_StickerSheet.cpp","start1":131,"end1":145,"start2":107,"end2":123,"tokens":22},{"file1":"elshank2@illinois.edu_1_01_mps\\mp_stickers_1_3_90420572_StickerSheet.cpp","file2":"zpei4@illinois.edu_1_01_mps\\mp_stickers_1_2_89522955_StickerSheet.cpp","start1":48,"end1":63,"start2":33,"end2":48,"tokens":20},{"file1":"elshank2@illinois.edu_1_01_mps\\mp_stickers_1_3_90420572_StickerSheet.cpp","file2":"zpei4@illinois.edu_1_01_mps\\mp_stickers_1_2_89522955_StickerSheet.cpp","start1":101,"end1":112,"start2":88,"end2":99,"tokens":19},{"file1":"elshank2@illinois.edu_1_01_mps\\mp_stickers_1_3_90420572_Image.cpp","file2":"zpei4@illinois.edu_1_01_mps\\mp_stickers_1_2_89522955_Image.cpp","start1":79,"end1":87,"start2":43,"end2":51,"tokens":19},{"file1":"elshank2@illinois.edu_1_01_mps\\mp_stickers_1_3_90420572_StickerSheet.cpp","file2":"zpei4@illinois.edu_1_01_mps\\mp_stickers_1_2_89522955_StickerSheet.cpp","start1":64,"end1":71,"start2":48,"end2":55,"tokens":18},{"file1":"elshank2@illinois.edu_1_01_mps\\mp_stickers_1_3_90420572_StickerSheet.cpp","file2":"zpei4@illinois.edu_1_01_mps\\mp_stickers_1_2_89522955_StickerSheet.cpp","start1":23,"end1":32,"start2":152,"end2":161,"tokens":16},{"file1":"elshank2@illinois.edu_1_01_mps\\mp_stickers_1_3_90420572_Image.cpp","file2":"zpei4@illinois.edu_1_01_mps\\mp_stickers_1_2_89522955_Image.cpp","start1":19,"end1":23,"start2":88,"end2":92,"tokens":15},{"file1":"elshank2@illinois.edu_1_01_mps\\mp_stickers_1_3_90420572_Image.cpp","file2":"zpei4@illinois.edu_1_01_mps\\mp_stickers_1_2_89522955_Image.cpp","start1":49,"end1":53,"start2":101,"end2":105,"tokens":15},{"file1":"elshank2@illinois.edu_1_01_mps\\mp_stickers_1_3_90420572_Image.cpp","file2":"zpei4@illinois.edu_1_01_mps\\mp_stickers_1_2_89522955_Image.cpp","start1":64,"end1":68,"start2":114,"end2":118,"tokens":15},{"file1":"elshank2@illinois.edu_1_01_mps\\mp_stickers_1_3_90420572_Image.cpp","file2":"zpei4@illinois.edu_1_01_mps\\mp_stickers_1_2_89522955_Image.cpp","start1":102,"end1":106,"start2":127,"end2":131,"tokens":15},{"file1":"elshank2@illinois.edu_1_01_mps\\mp_stickers_1_3_90420572_Image.cpp","file2":"zpei4@illinois.edu_1_01_mps\\mp_stickers_1_2_89522955_Image.cpp","start1":117,"end1":121,"start2":140,"end2":144,"tokens":15},{"file1":"elshank2@illinois.edu_1_01_mps\\mp_stickers_1_3_90420572_Image.cpp","file2":"zpei4@illinois.edu_1_01_mps\\mp_stickers_1_2_89522955_Image.cpp","start1":147,"end1":151,"start2":153,"end2":157,"tokens":15},{"file1":"elshank2@illinois.edu_1_01_mps\\mp_stickers_1_3_90420572_StickerSheet.h","file2":"zpei4@illinois.edu_1_01_mps\\mp_stickers_1_2_89522955_StickerSheet.h","start1":11,"end1":17,"start2":11,"end2":18,"tokens":13},{"file1":"elshank2@illinois.edu_1_01_mps\\mp_stickers_1_3_90420572_Image.h","file2":"zpei4@illinois.edu_1_01_mps\\mp_stickers_1_2_89522955_Image.h","start1":20,"end1":28,"start2":18,"end2":26,"tokens":13},{"file1":"elshank2@illinois.edu_1_01_mps\\mp_stickers_1_3_90420572_StickerSheet.cpp","file2":"zpei4@illinois.edu_1_01_mps\\mp_stickers_1_2_89522955_StickerSheet.cpp","start1":16,"end1":22,"start2":19,"end2":25,"tokens":12}]}