{"id1":"fbansal2@illinois.edu_1_01_mps","id2":"fywang@illinois.edu_1_01_mps","similarity":0.7036423841059603,"matches":[{"file1":"fbansal2@illinois.edu_1_01_mps\\mp_stickers_1_1_90484658_StickerSheet.h","file2":"fywang@illinois.edu_1_01_mps\\mp_stickers_1_3_90150049_StickerSheet.h","start1":9,"end1":27,"start2":12,"end2":28,"tokens":32},{"file1":"fbansal2@illinois.edu_1_01_mps\\mp_stickers_1_1_90484658_Image.h","file2":"fywang@illinois.edu_1_01_mps\\mp_stickers_1_3_90150049_Image.h","start1":14,"end1":32,"start2":13,"end2":30,"tokens":30},{"file1":"fbansal2@illinois.edu_1_01_mps\\mp_stickers_1_1_90484658_Image.cpp","file2":"fywang@illinois.edu_1_01_mps\\mp_stickers_1_3_90150049_Image.cpp","start1":26,"end1":38,"start2":120,"end2":133,"tokens":26},{"file1":"fbansal2@illinois.edu_1_01_mps\\mp_stickers_1_1_90484658_Image.cpp","file2":"fywang@illinois.edu_1_01_mps\\mp_stickers_1_3_90150049_Image.cpp","start1":15,"end1":25,"start2":11,"end2":22,"tokens":24},{"file1":"fbansal2@illinois.edu_1_01_mps\\mp_stickers_1_1_90484658_Image.cpp","file2":"fywang@illinois.edu_1_01_mps\\mp_stickers_1_3_90150049_Image.cpp","start1":55,"end1":65,"start2":35,"end2":46,"tokens":24},{"file1":"fbansal2@illinois.edu_1_01_mps\\mp_stickers_1_1_90484658_Image.cpp","file2":"fywang@illinois.edu_1_01_mps\\mp_stickers_1_3_90150049_Image.cpp","start1":75,"end1":85,"start2":59,"end2":70,"tokens":24},{"file1":"fbansal2@illinois.edu_1_01_mps\\mp_stickers_1_1_90484658_Image.cpp","file2":"fywang@illinois.edu_1_01_mps\\mp_stickers_1_3_90150049_Image.cpp","start1":6,"end1":14,"start2":3,"end2":9,"tokens":22},{"file1":"fbansal2@illinois.edu_1_01_mps\\mp_stickers_1_1_90484658_Image.cpp","file2":"fywang@illinois.edu_1_01_mps\\mp_stickers_1_3_90150049_Image.cpp","start1":45,"end1":54,"start2":23,"end2":33,"tokens":22},{"file1":"fbansal2@illinois.edu_1_01_mps\\mp_stickers_1_1_90484658_Image.cpp","file2":"fywang@illinois.edu_1_01_mps\\mp_stickers_1_3_90150049_Image.cpp","start1":86,"end1":95,"start2":48,"end2":58,"tokens":22},{"file1":"fbansal2@illinois.edu_1_01_mps\\mp_stickers_1_1_90484658_Image.cpp","file2":"fywang@illinois.edu_1_01_mps\\mp_stickers_1_3_90150049_Image.cpp","start1":108,"end1":117,"start2":71,"end2":81,"tokens":22},{"file1":"fbansal2@illinois.edu_1_01_mps\\mp_stickers_1_1_90484658_Image.cpp","file2":"fywang@illinois.edu_1_01_mps\\mp_stickers_1_3_90150049_Image.cpp","start1":66,"end1":74,"start2":96,"end2":105,"tokens":21},{"file1":"fbansal2@illinois.edu_1_01_mps\\mp_stickers_1_1_90484658_Image.cpp","file2":"fywang@illinois.edu_1_01_mps\\mp_stickers_1_3_90150049_Image.cpp","start1":120,"end1":131,"start2":84,"end2":93,"tokens":21},{"file1":"fbansal2@illinois.edu_1_01_mps\\mp_stickers_1_1_90484658_StickerSheet.cpp","file2":"fywang@illinois.edu_1_01_mps\\mp_stickers_1_3_90150049_StickerSheet.cpp","start1":106,"end1":119,"start2":152,"end2":165,"tokens":20},{"file1":"fbansal2@illinois.edu_1_01_mps\\mp_stickers_1_1_90484658_Image.cpp","file2":"fywang@illinois.edu_1_01_mps\\mp_stickers_1_3_90150049_Image.cpp","start1":39,"end1":44,"start2":108,"end2":114,"tokens":18},{"file1":"fbansal2@illinois.edu_1_01_mps\\mp_stickers_1_1_90484658_Image.cpp","file2":"fywang@illinois.edu_1_01_mps\\mp_stickers_1_3_90150049_Image.cpp","start1":133,"end1":140,"start2":145,"end2":154,"tokens":17},{"file1":"fbansal2@illinois.edu_1_01_mps\\mp_stickers_1_1_90484658_StickerSheet.cpp","file2":"fywang@illinois.edu_1_01_mps\\mp_stickers_1_3_90150049_StickerSheet.cpp","start1":70,"end1":80,"start2":131,"end2":144,"tokens":16},{"file1":"fbansal2@illinois.edu_1_01_mps\\mp_stickers_1_1_90484658_StickerSheet.cpp","file2":"fywang@illinois.edu_1_01_mps\\mp_stickers_1_3_90150049_StickerSheet.cpp","start1":5,"end1":9,"start2":180,"end2":183,"tokens":14},{"file1":"fbansal2@illinois.edu_1_01_mps\\mp_stickers_1_1_90484658_StickerSheet.cpp","file2":"fywang@illinois.edu_1_01_mps\\mp_stickers_1_3_90150049_StickerSheet.cpp","start1":51,"end1":58,"start2":115,"end2":122,"tokens":13},{"file1":"fbansal2@illinois.edu_1_01_mps\\mp_stickers_1_1_90484658_StickerSheet.cpp","file2":"fywang@illinois.edu_1_01_mps\\mp_stickers_1_3_90150049_StickerSheet.cpp","start1":89,"end1":106,"start2":144,"end2":151,"tokens":13},{"file1":"fbansal2@illinois.edu_1_01_mps\\mp_stickers_1_1_90484658_StickerSheet.cpp","file2":"fywang@illinois.edu_1_01_mps\\mp_stickers_1_3_90150049_StickerSheet.cpp","start1":59,"end1":66,"start2":90,"end2":112,"tokens":12},{"file1":"fbansal2@illinois.edu_1_01_mps\\mp_stickers_1_1_90484658_Image.cpp","file2":"fywang@illinois.edu_1_01_mps\\mp_stickers_1_3_90150049_Image.cpp","start1":106,"end1":107,"start2":143,"end2":144,"tokens":12}]}